[2026-09-04T18:38:21.654+0000] {processor.py:186} INFO - Started process (PID=171) to work on /opt/airflow/dags/healthcare_claims_pipeline.py
[2026-09-04T18:38:21.654+0000] {processor.py:914} INFO - Processing file /opt/airflow/dags/healthcare_claims_pipeline.py for tasks to queue
[2026-09-04T18:38:21.656+0000] {logging_mixin.py:190} INFO - [2026-09-04T18:38:21.655+0000] {dagbag.py:588} INFO - Filling up the DagBag from /opt/airflow/dags/healthcare_claims_pipeline.py
[2026-09-04T18:38:21.664+0000] {processor.py:925} INFO - DAG(s) 'healthcare_analytics' retrieved from /opt/airflow/dags/healthcare_claims_pipeline.py
[2026-09-04T18:38:21.683+0000] {logging_mixin.py:190} INFO - [2026-09-04T18:38:21.683+0000] {dag.py:3239} INFO - Sync 1 DAGs
[2026-09-04T18:38:21.688+0000] {logging_mixin.py:190} INFO - [2026-09-04T18:38:21.688+0000] {dag.py:4180} INFO - Setting next_dagrun for healthcare_analytics to None, run_after=None
[2026-09-04T18:38:21.694+0000] {processor.py:208} INFO - Processing /opt/airflow/dags/healthcare_claims_pipeline.py took 0.043 seconds
[2026-09-04T18:38:51.889+0000] {processor.py:186} INFO - Started process (PID=176) to work on /opt/airflow/dags/healthcare_claims_pipeline.py
[2026-09-04T18:38:51.890+0000] {processor.py:914} INFO - Processing file /opt/airflow/dags/healthcare_claims_pipeline.py for tasks to queue
[2026-09-04T18:38:51.891+0000] {logging_mixin.py:190} INFO - [2026-09-04T18:38:51.890+0000] {dagbag.py:588} INFO - Filling up the DagBag from /opt/airflow/dags/healthcare_claims_pipeline.py
[2026-09-04T18:38:51.897+0000] {processor.py:925} INFO - DAG(s) 'healthcare_analytics' retrieved from /opt/airflow/dags/healthcare_claims_pipeline.py
[2026-09-04T18:38:51.915+0000] {logging_mixin.py:190} INFO - [2026-09-04T18:38:51.915+0000] {dag.py:3239} INFO - Sync 1 DAGs
[2026-09-04T18:38:51.922+0000] {logging_mixin.py:190} INFO - [2026-09-04T18:38:51.922+0000] {dag.py:4180} INFO - Setting next_dagrun for healthcare_analytics to None, run_after=None
[2026-09-04T18:38:51.930+0000] {processor.py:208} INFO - Processing /opt/airflow/dags/healthcare_claims_pipeline.py took 0.043 seconds
[2026-09-04T18:39:22.127+0000] {processor.py:186} INFO - Started process (PID=214) to work on /opt/airflow/dags/healthcare_claims_pipeline.py
[2026-09-04T18:39:22.127+0000] {processor.py:914} INFO - Processing file /opt/airflow/dags/healthcare_claims_pipeline.py for tasks to queue
[2026-09-04T18:39:22.129+0000] {logging_mixin.py:190} INFO - [2026-09-04T18:39:22.129+0000] {dagbag.py:588} INFO - Filling up the DagBag from /opt/airflow/dags/healthcare_claims_pipeline.py
[2026-09-04T18:39:22.134+0000] {processor.py:925} INFO - DAG(s) 'healthcare_analytics' retrieved from /opt/airflow/dags/healthcare_claims_pipeline.py
[2026-09-04T18:39:22.149+0000] {logging_mixin.py:190} INFO - [2026-09-04T18:39:22.149+0000] {dag.py:3239} INFO - Sync 1 DAGs
[2026-09-04T18:39:22.156+0000] {logging_mixin.py:190} INFO - [2026-09-04T18:39:22.155+0000] {dag.py:4180} INFO - Setting next_dagrun for healthcare_analytics to None, run_after=None
[2026-09-04T18:39:22.163+0000] {processor.py:208} INFO - Processing /opt/airflow/dags/healthcare_claims_pipeline.py took 0.039 seconds
[2026-09-04T18:39:52.393+0000] {processor.py:186} INFO - Started process (PID=219) to work on /opt/airflow/dags/healthcare_claims_pipeline.py
[2026-09-04T18:39:52.393+0000] {processor.py:914} INFO - Processing file /opt/airflow/dags/healthcare_claims_pipeline.py for tasks to queue
[2026-09-04T18:39:52.395+0000] {logging_mixin.py:190} INFO - [2026-09-04T18:39:52.394+0000] {dagbag.py:588} INFO - Filling up the DagBag from /opt/airflow/dags/healthcare_claims_pipeline.py
[2026-09-04T18:39:52.399+0000] {processor.py:925} INFO - DAG(s) 'healthcare_analytics' retrieved from /opt/airflow/dags/healthcare_claims_pipeline.py
[2026-09-04T18:39:52.413+0000] {logging_mixin.py:190} INFO - [2026-09-04T18:39:52.413+0000] {dag.py:3239} INFO - Sync 1 DAGs
[2026-09-04T18:39:52.419+0000] {logging_mixin.py:190} INFO - [2026-09-04T18:39:52.419+0000] {dag.py:4180} INFO - Setting next_dagrun for healthcare_analytics to None, run_after=None
[2026-09-04T18:39:52.425+0000] {processor.py:208} INFO - Processing /opt/airflow/dags/healthcare_claims_pipeline.py took 0.036 seconds
[2026-09-04T18:40:22.656+0000] {processor.py:186} INFO - Started process (PID=224) to work on /opt/airflow/dags/healthcare_claims_pipeline.py
[2026-09-04T18:40:22.657+0000] {processor.py:914} INFO - Processing file /opt/airflow/dags/healthcare_claims_pipeline.py for tasks to queue
[2026-09-04T18:40:22.658+0000] {logging_mixin.py:190} INFO - [2026-09-04T18:40:22.658+0000] {dagbag.py:588} INFO - Filling up the DagBag from /opt/airflow/dags/healthcare_claims_pipeline.py
[2026-09-04T18:40:22.663+0000] {processor.py:925} INFO - DAG(s) 'healthcare_analytics' retrieved from /opt/airflow/dags/healthcare_claims_pipeline.py
[2026-09-04T18:40:22.678+0000] {logging_mixin.py:190} INFO - [2026-09-04T18:40:22.678+0000] {dag.py:3239} INFO - Sync 1 DAGs
[2026-09-04T18:40:22.684+0000] {logging_mixin.py:190} INFO - [2026-09-04T18:40:22.684+0000] {dag.py:4180} INFO - Setting next_dagrun for healthcare_analytics to None, run_after=None
[2026-09-04T18:40:22.691+0000] {processor.py:208} INFO - Processing /opt/airflow/dags/healthcare_claims_pipeline.py took 0.039 seconds
[2026-09-04T18:40:52.907+0000] {processor.py:186} INFO - Started process (PID=229) to work on /opt/airflow/dags/healthcare_claims_pipeline.py
[2026-09-04T18:40:52.907+0000] {processor.py:914} INFO - Processing file /opt/airflow/dags/healthcare_claims_pipeline.py for tasks to queue
[2026-09-04T18:40:52.908+0000] {logging_mixin.py:190} INFO - [2026-09-04T18:40:52.908+0000] {dagbag.py:588} INFO - Filling up the DagBag from /opt/airflow/dags/healthcare_claims_pipeline.py
[2026-09-04T18:40:52.914+0000] {processor.py:925} INFO - DAG(s) 'healthcare_analytics' retrieved from /opt/airflow/dags/healthcare_claims_pipeline.py
[2026-09-04T18:40:52.928+0000] {logging_mixin.py:190} INFO - [2026-09-04T18:40:52.928+0000] {dag.py:3239} INFO - Sync 1 DAGs
[2026-09-04T18:40:52.935+0000] {logging_mixin.py:190} INFO - [2026-09-04T18:40:52.934+0000] {dag.py:4180} INFO - Setting next_dagrun for healthcare_analytics to None, run_after=None
[2026-09-04T18:40:52.942+0000] {processor.py:208} INFO - Processing /opt/airflow/dags/healthcare_claims_pipeline.py took 0.039 seconds
[2026-09-04T18:41:23.117+0000] {processor.py:186} INFO - Started process (PID=234) to work on /opt/airflow/dags/healthcare_claims_pipeline.py
[2026-09-04T18:41:23.118+0000] {processor.py:914} INFO - Processing file /opt/airflow/dags/healthcare_claims_pipeline.py for tasks to queue
[2026-09-04T18:41:23.120+0000] {logging_mixin.py:190} INFO - [2026-09-04T18:41:23.119+0000] {dagbag.py:588} INFO - Filling up the DagBag from /opt/airflow/dags/healthcare_claims_pipeline.py
[2026-09-04T18:41:23.127+0000] {processor.py:925} INFO - DAG(s) 'healthcare_analytics' retrieved from /opt/airflow/dags/healthcare_claims_pipeline.py
[2026-09-04T18:41:23.144+0000] {logging_mixin.py:190} INFO - [2026-09-04T18:41:23.144+0000] {dag.py:3239} INFO - Sync 1 DAGs
[2026-09-04T18:41:23.151+0000] {logging_mixin.py:190} INFO - [2026-09-04T18:41:23.151+0000] {dag.py:4180} INFO - Setting next_dagrun for healthcare_analytics to None, run_after=None
[2026-09-04T18:41:23.158+0000] {processor.py:208} INFO - Processing /opt/airflow/dags/healthcare_claims_pipeline.py took 0.046 seconds
[2026-09-04T18:41:53.365+0000] {processor.py:186} INFO - Started process (PID=239) to work on /opt/airflow/dags/healthcare_claims_pipeline.py
[2026-09-04T18:41:53.365+0000] {processor.py:914} INFO - Processing file /opt/airflow/dags/healthcare_claims_pipeline.py for tasks to queue
[2026-09-04T18:41:53.366+0000] {logging_mixin.py:190} INFO - [2026-09-04T18:41:53.366+0000] {dagbag.py:588} INFO - Filling up the DagBag from /opt/airflow/dags/healthcare_claims_pipeline.py
[2026-09-04T18:41:53.370+0000] {processor.py:925} INFO - DAG(s) 'healthcare_analytics' retrieved from /opt/airflow/dags/healthcare_claims_pipeline.py
[2026-09-04T18:41:53.381+0000] {logging_mixin.py:190} INFO - [2026-09-04T18:41:53.381+0000] {dag.py:3239} INFO - Sync 1 DAGs
[2026-09-04T18:41:53.386+0000] {logging_mixin.py:190} INFO - [2026-09-04T18:41:53.386+0000] {dag.py:4180} INFO - Setting next_dagrun for healthcare_analytics to None, run_after=None
[2026-09-04T18:41:53.392+0000] {processor.py:208} INFO - Processing /opt/airflow/dags/healthcare_claims_pipeline.py took 0.029 seconds
[2026-09-04T18:42:23.591+0000] {processor.py:186} INFO - Started process (PID=244) to work on /opt/airflow/dags/healthcare_claims_pipeline.py
[2026-09-04T18:42:23.591+0000] {processor.py:914} INFO - Processing file /opt/airflow/dags/healthcare_claims_pipeline.py for tasks to queue
[2026-09-04T18:42:23.593+0000] {logging_mixin.py:190} INFO - [2026-09-04T18:42:23.593+0000] {dagbag.py:588} INFO - Filling up the DagBag from /opt/airflow/dags/healthcare_claims_pipeline.py
[2026-09-04T18:42:23.599+0000] {processor.py:925} INFO - DAG(s) 'healthcare_analytics' retrieved from /opt/airflow/dags/healthcare_claims_pipeline.py
[2026-09-04T18:42:23.615+0000] {logging_mixin.py:190} INFO - [2026-09-04T18:42:23.615+0000] {dag.py:3239} INFO - Sync 1 DAGs
[2026-09-04T18:42:23.621+0000] {logging_mixin.py:190} INFO - [2026-09-04T18:42:23.621+0000] {dag.py:4180} INFO - Setting next_dagrun for healthcare_analytics to None, run_after=None
[2026-09-04T18:42:23.628+0000] {processor.py:208} INFO - Processing /opt/airflow/dags/healthcare_claims_pipeline.py took 0.041 seconds
[2026-09-04T18:42:53.886+0000] {processor.py:186} INFO - Started process (PID=249) to work on /opt/airflow/dags/healthcare_claims_pipeline.py
[2026-09-04T18:42:53.887+0000] {processor.py:914} INFO - Processing file /opt/airflow/dags/healthcare_claims_pipeline.py for tasks to queue
[2026-09-04T18:42:53.888+0000] {logging_mixin.py:190} INFO - [2026-09-04T18:42:53.888+0000] {dagbag.py:588} INFO - Filling up the DagBag from /opt/airflow/dags/healthcare_claims_pipeline.py
[2026-09-04T18:42:53.896+0000] {processor.py:925} INFO - DAG(s) 'healthcare_analytics' retrieved from /opt/airflow/dags/healthcare_claims_pipeline.py
[2026-09-04T18:42:53.912+0000] {logging_mixin.py:190} INFO - [2026-09-04T18:42:53.912+0000] {dag.py:3239} INFO - Sync 1 DAGs
[2026-09-04T18:42:53.918+0000] {logging_mixin.py:190} INFO - [2026-09-04T18:42:53.918+0000] {dag.py:4180} INFO - Setting next_dagrun for healthcare_analytics to None, run_after=None
[2026-09-04T18:42:53.925+0000] {processor.py:208} INFO - Processing /opt/airflow/dags/healthcare_claims_pipeline.py took 0.044 seconds
[2026-09-04T18:43:24.185+0000] {processor.py:186} INFO - Started process (PID=254) to work on /opt/airflow/dags/healthcare_claims_pipeline.py
[2026-09-04T18:43:24.186+0000] {processor.py:914} INFO - Processing file /opt/airflow/dags/healthcare_claims_pipeline.py for tasks to queue
[2026-09-04T18:43:24.187+0000] {logging_mixin.py:190} INFO - [2026-09-04T18:43:24.187+0000] {dagbag.py:588} INFO - Filling up the DagBag from /opt/airflow/dags/healthcare_claims_pipeline.py
[2026-09-04T18:43:24.192+0000] {processor.py:925} INFO - DAG(s) 'healthcare_analytics' retrieved from /opt/airflow/dags/healthcare_claims_pipeline.py
[2026-09-04T18:43:24.207+0000] {logging_mixin.py:190} INFO - [2026-09-04T18:43:24.207+0000] {dag.py:3239} INFO - Sync 1 DAGs
[2026-09-04T18:43:24.214+0000] {logging_mixin.py:190} INFO - [2026-09-04T18:43:24.214+0000] {dag.py:4180} INFO - Setting next_dagrun for healthcare_analytics to None, run_after=None
[2026-09-04T18:43:24.221+0000] {processor.py:208} INFO - Processing /opt/airflow/dags/healthcare_claims_pipeline.py took 0.040 seconds
[2026-09-04T18:43:54.378+0000] {processor.py:186} INFO - Started process (PID=259) to work on /opt/airflow/dags/healthcare_claims_pipeline.py
[2026-09-04T18:43:54.378+0000] {processor.py:914} INFO - Processing file /opt/airflow/dags/healthcare_claims_pipeline.py for tasks to queue
[2026-09-04T18:43:54.379+0000] {logging_mixin.py:190} INFO - [2026-09-04T18:43:54.379+0000] {dagbag.py:588} INFO - Filling up the DagBag from /opt/airflow/dags/healthcare_claims_pipeline.py
[2026-09-04T18:43:54.382+0000] {processor.py:925} INFO - DAG(s) 'healthcare_analytics' retrieved from /opt/airflow/dags/healthcare_claims_pipeline.py
[2026-09-04T18:43:54.393+0000] {logging_mixin.py:190} INFO - [2026-09-04T18:43:54.393+0000] {dag.py:3239} INFO - Sync 1 DAGs
[2026-09-04T18:43:54.398+0000] {logging_mixin.py:190} INFO - [2026-09-04T18:43:54.398+0000] {dag.py:4180} INFO - Setting next_dagrun for healthcare_analytics to None, run_after=None
[2026-09-04T18:43:54.404+0000] {processor.py:208} INFO - Processing /opt/airflow/dags/healthcare_claims_pipeline.py took 0.028 seconds
[2026-09-04T18:44:24.604+0000] {processor.py:186} INFO - Started process (PID=264) to work on /opt/airflow/dags/healthcare_claims_pipeline.py
[2026-09-04T18:44:24.604+0000] {processor.py:914} INFO - Processing file /opt/airflow/dags/healthcare_claims_pipeline.py for tasks to queue
[2026-09-04T18:44:24.605+0000] {logging_mixin.py:190} INFO - [2026-09-04T18:44:24.605+0000] {dagbag.py:588} INFO - Filling up the DagBag from /opt/airflow/dags/healthcare_claims_pipeline.py
[2026-09-04T18:44:24.610+0000] {processor.py:925} INFO - DAG(s) 'healthcare_analytics' retrieved from /opt/airflow/dags/healthcare_claims_pipeline.py
[2026-09-04T18:44:24.623+0000] {logging_mixin.py:190} INFO - [2026-09-04T18:44:24.623+0000] {dag.py:3239} INFO - Sync 1 DAGs
[2026-09-04T18:44:24.628+0000] {logging_mixin.py:190} INFO - [2026-09-04T18:44:24.628+0000] {dag.py:4180} INFO - Setting next_dagrun for healthcare_analytics to None, run_after=None
[2026-09-04T18:44:24.635+0000] {processor.py:208} INFO - Processing /opt/airflow/dags/healthcare_claims_pipeline.py took 0.034 seconds
[2026-09-04T18:44:54.855+0000] {processor.py:186} INFO - Started process (PID=269) to work on /opt/airflow/dags/healthcare_claims_pipeline.py
[2026-09-04T18:44:54.856+0000] {processor.py:914} INFO - Processing file /opt/airflow/dags/healthcare_claims_pipeline.py for tasks to queue
[2026-09-04T18:44:54.857+0000] {logging_mixin.py:190} INFO - [2026-09-04T18:44:54.857+0000] {dagbag.py:588} INFO - Filling up the DagBag from /opt/airflow/dags/healthcare_claims_pipeline.py
[2026-09-04T18:44:54.860+0000] {processor.py:925} INFO - DAG(s) 'healthcare_analytics' retrieved from /opt/airflow/dags/healthcare_claims_pipeline.py
[2026-09-04T18:44:54.872+0000] {logging_mixin.py:190} INFO - [2026-09-04T18:44:54.872+0000] {dag.py:3239} INFO - Sync 1 DAGs
[2026-09-04T18:44:54.877+0000] {logging_mixin.py:190} INFO - [2026-09-04T18:44:54.877+0000] {dag.py:4180} INFO - Setting next_dagrun for healthcare_analytics to None, run_after=None
[2026-09-04T18:44:54.883+0000] {processor.py:208} INFO - Processing /opt/airflow/dags/healthcare_claims_pipeline.py took 0.030 seconds
[2026-09-04T18:45:25.121+0000] {processor.py:186} INFO - Started process (PID=274) to work on /opt/airflow/dags/healthcare_claims_pipeline.py
[2026-09-04T18:45:25.121+0000] {processor.py:914} INFO - Processing file /opt/airflow/dags/healthcare_claims_pipeline.py for tasks to queue
[2026-09-04T18:45:25.123+0000] {logging_mixin.py:190} INFO - [2026-09-04T18:45:25.123+0000] {dagbag.py:588} INFO - Filling up the DagBag from /opt/airflow/dags/healthcare_claims_pipeline.py
[2026-09-04T18:45:25.127+0000] {processor.py:925} INFO - DAG(s) 'healthcare_analytics' retrieved from /opt/airflow/dags/healthcare_claims_pipeline.py
[2026-09-04T18:45:25.139+0000] {logging_mixin.py:190} INFO - [2026-09-04T18:45:25.139+0000] {dag.py:3239} INFO - Sync 1 DAGs
[2026-09-04T18:45:25.145+0000] {logging_mixin.py:190} INFO - [2026-09-04T18:45:25.145+0000] {dag.py:4180} INFO - Setting next_dagrun for healthcare_analytics to None, run_after=None
[2026-09-04T18:45:25.152+0000] {processor.py:208} INFO - Processing /opt/airflow/dags/healthcare_claims_pipeline.py took 0.034 seconds
[2026-09-04T18:45:55.400+0000] {processor.py:186} INFO - Started process (PID=279) to work on /opt/airflow/dags/healthcare_claims_pipeline.py
[2026-09-04T18:45:55.401+0000] {processor.py:914} INFO - Processing file /opt/airflow/dags/healthcare_claims_pipeline.py for tasks to queue
[2026-09-04T18:45:55.401+0000] {logging_mixin.py:190} INFO - [2026-09-04T18:45:55.401+0000] {dagbag.py:588} INFO - Filling up the DagBag from /opt/airflow/dags/healthcare_claims_pipeline.py
[2026-09-04T18:45:55.406+0000] {processor.py:925} INFO - DAG(s) 'healthcare_analytics' retrieved from /opt/airflow/dags/healthcare_claims_pipeline.py
[2026-09-04T18:45:55.422+0000] {logging_mixin.py:190} INFO - [2026-09-04T18:45:55.422+0000] {dag.py:3239} INFO - Sync 1 DAGs
[2026-09-04T18:45:55.427+0000] {logging_mixin.py:190} INFO - [2026-09-04T18:45:55.427+0000] {dag.py:4180} INFO - Setting next_dagrun for healthcare_analytics to None, run_after=None
[2026-09-04T18:45:55.435+0000] {processor.py:208} INFO - Processing /opt/airflow/dags/healthcare_claims_pipeline.py took 0.038 seconds
[2026-09-04T18:46:25.675+0000] {processor.py:186} INFO - Started process (PID=284) to work on /opt/airflow/dags/healthcare_claims_pipeline.py
[2026-09-04T18:46:25.676+0000] {processor.py:914} INFO - Processing file /opt/airflow/dags/healthcare_claims_pipeline.py for tasks to queue
[2026-09-04T18:46:25.677+0000] {logging_mixin.py:190} INFO - [2026-09-04T18:46:25.676+0000] {dagbag.py:588} INFO - Filling up the DagBag from /opt/airflow/dags/healthcare_claims_pipeline.py
[2026-09-04T18:46:25.681+0000] {processor.py:925} INFO - DAG(s) 'healthcare_analytics' retrieved from /opt/airflow/dags/healthcare_claims_pipeline.py
[2026-09-04T18:46:25.706+0000] {logging_mixin.py:190} INFO - [2026-09-04T18:46:25.706+0000] {dag.py:3239} INFO - Sync 1 DAGs
[2026-09-04T18:46:25.714+0000] {logging_mixin.py:190} INFO - [2026-09-04T18:46:25.714+0000] {dag.py:4180} INFO - Setting next_dagrun for healthcare_analytics to None, run_after=None
[2026-09-04T18:46:25.721+0000] {processor.py:208} INFO - Processing /opt/airflow/dags/healthcare_claims_pipeline.py took 0.049 seconds
[2026-09-04T18:46:55.895+0000] {processor.py:186} INFO - Started process (PID=289) to work on /opt/airflow/dags/healthcare_claims_pipeline.py
[2026-09-04T18:46:55.895+0000] {processor.py:914} INFO - Processing file /opt/airflow/dags/healthcare_claims_pipeline.py for tasks to queue
[2026-09-04T18:46:55.897+0000] {logging_mixin.py:190} INFO - [2026-09-04T18:46:55.896+0000] {dagbag.py:588} INFO - Filling up the DagBag from /opt/airflow/dags/healthcare_claims_pipeline.py
[2026-09-04T18:46:55.900+0000] {processor.py:925} INFO - DAG(s) 'healthcare_analytics' retrieved from /opt/airflow/dags/healthcare_claims_pipeline.py
[2026-09-04T18:46:55.912+0000] {logging_mixin.py:190} INFO - [2026-09-04T18:46:55.912+0000] {dag.py:3239} INFO - Sync 1 DAGs
[2026-09-04T18:46:55.917+0000] {logging_mixin.py:190} INFO - [2026-09-04T18:46:55.917+0000] {dag.py:4180} INFO - Setting next_dagrun for healthcare_analytics to None, run_after=None
[2026-09-04T18:46:55.923+0000] {processor.py:208} INFO - Processing /opt/airflow/dags/healthcare_claims_pipeline.py took 0.030 seconds
[2026-09-04T18:47:26.131+0000] {processor.py:186} INFO - Started process (PID=294) to work on /opt/airflow/dags/healthcare_claims_pipeline.py
[2026-09-04T18:47:26.132+0000] {processor.py:914} INFO - Processing file /opt/airflow/dags/healthcare_claims_pipeline.py for tasks to queue
[2026-09-04T18:47:26.133+0000] {logging_mixin.py:190} INFO - [2026-09-04T18:47:26.133+0000] {dagbag.py:588} INFO - Filling up the DagBag from /opt/airflow/dags/healthcare_claims_pipeline.py
[2026-09-04T18:47:26.136+0000] {processor.py:925} INFO - DAG(s) 'healthcare_analytics' retrieved from /opt/airflow/dags/healthcare_claims_pipeline.py
[2026-09-04T18:47:26.148+0000] {logging_mixin.py:190} INFO - [2026-09-04T18:47:26.148+0000] {dag.py:3239} INFO - Sync 1 DAGs
[2026-09-04T18:47:26.153+0000] {logging_mixin.py:190} INFO - [2026-09-04T18:47:26.153+0000] {dag.py:4180} INFO - Setting next_dagrun for healthcare_analytics to None, run_after=None
[2026-09-04T18:47:26.159+0000] {processor.py:208} INFO - Processing /opt/airflow/dags/healthcare_claims_pipeline.py took 0.030 seconds
[2026-09-04T18:47:56.352+0000] {processor.py:186} INFO - Started process (PID=299) to work on /opt/airflow/dags/healthcare_claims_pipeline.py
[2026-09-04T18:47:56.352+0000] {processor.py:914} INFO - Processing file /opt/airflow/dags/healthcare_claims_pipeline.py for tasks to queue
[2026-09-04T18:47:56.354+0000] {logging_mixin.py:190} INFO - [2026-09-04T18:47:56.353+0000] {dagbag.py:588} INFO - Filling up the DagBag from /opt/airflow/dags/healthcare_claims_pipeline.py
[2026-09-04T18:47:56.358+0000] {processor.py:925} INFO - DAG(s) 'healthcare_analytics' retrieved from /opt/airflow/dags/healthcare_claims_pipeline.py
[2026-09-04T18:47:56.375+0000] {logging_mixin.py:190} INFO - [2026-09-04T18:47:56.375+0000] {dag.py:3239} INFO - Sync 1 DAGs
[2026-09-04T18:47:56.381+0000] {logging_mixin.py:190} INFO - [2026-09-04T18:47:56.380+0000] {dag.py:4180} INFO - Setting next_dagrun for healthcare_analytics to None, run_after=None
[2026-09-04T18:47:56.388+0000] {processor.py:208} INFO - Processing /opt/airflow/dags/healthcare_claims_pipeline.py took 0.039 seconds
[2026-09-04T18:48:07.425+0000] {processor.py:186} INFO - Started process (PID=304) to work on /opt/airflow/dags/healthcare_claims_pipeline.py
[2026-09-04T18:48:07.426+0000] {processor.py:914} INFO - Processing file /opt/airflow/dags/healthcare_claims_pipeline.py for tasks to queue
[2026-09-04T18:48:07.428+0000] {logging_mixin.py:190} INFO - [2026-09-04T18:48:07.428+0000] {dagbag.py:588} INFO - Filling up the DagBag from /opt/airflow/dags/healthcare_claims_pipeline.py
[2026-09-04T18:48:07.439+0000] {processor.py:925} INFO - DAG(s) 'healthcare_analytics' retrieved from /opt/airflow/dags/healthcare_claims_pipeline.py
[2026-09-04T18:48:07.542+0000] {logging_mixin.py:190} INFO - [2026-09-04T18:48:07.542+0000] {dag.py:3239} INFO - Sync 1 DAGs
[2026-09-04T18:48:07.546+0000] {logging_mixin.py:190} INFO - [2026-09-04T18:48:07.546+0000] {dag.py:4180} INFO - Setting next_dagrun for healthcare_analytics to None, run_after=None
[2026-09-04T18:48:07.552+0000] {processor.py:208} INFO - Processing /opt/airflow/dags/healthcare_claims_pipeline.py took 0.132 seconds
[2026-09-04T18:48:37.672+0000] {processor.py:186} INFO - Started process (PID=309) to work on /opt/airflow/dags/healthcare_claims_pipeline.py
[2026-09-04T18:48:37.674+0000] {processor.py:914} INFO - Processing file /opt/airflow/dags/healthcare_claims_pipeline.py for tasks to queue
[2026-09-04T18:48:37.675+0000] {logging_mixin.py:190} INFO - [2026-09-04T18:48:37.674+0000] {dagbag.py:588} INFO - Filling up the DagBag from /opt/airflow/dags/healthcare_claims_pipeline.py
[2026-09-04T18:48:37.682+0000] {processor.py:925} INFO - DAG(s) 'healthcare_analytics' retrieved from /opt/airflow/dags/healthcare_claims_pipeline.py
[2026-09-04T18:48:37.698+0000] {logging_mixin.py:190} INFO - [2026-09-04T18:48:37.698+0000] {dag.py:3239} INFO - Sync 1 DAGs
[2026-09-04T18:48:37.704+0000] {logging_mixin.py:190} INFO - [2026-09-04T18:48:37.703+0000] {dag.py:4180} INFO - Setting next_dagrun for healthcare_analytics to None, run_after=None
[2026-09-04T18:48:37.711+0000] {processor.py:208} INFO - Processing /opt/airflow/dags/healthcare_claims_pipeline.py took 0.041 seconds
[2026-09-04T18:49:07.910+0000] {processor.py:186} INFO - Started process (PID=314) to work on /opt/airflow/dags/healthcare_claims_pipeline.py
[2026-09-04T18:49:07.910+0000] {processor.py:914} INFO - Processing file /opt/airflow/dags/healthcare_claims_pipeline.py for tasks to queue
[2026-09-04T18:49:07.911+0000] {logging_mixin.py:190} INFO - [2026-09-04T18:49:07.911+0000] {dagbag.py:588} INFO - Filling up the DagBag from /opt/airflow/dags/healthcare_claims_pipeline.py
[2026-09-04T18:49:07.916+0000] {processor.py:925} INFO - DAG(s) 'healthcare_analytics' retrieved from /opt/airflow/dags/healthcare_claims_pipeline.py
[2026-09-04T18:49:07.930+0000] {logging_mixin.py:190} INFO - [2026-09-04T18:49:07.930+0000] {dag.py:3239} INFO - Sync 1 DAGs
[2026-09-04T18:49:07.937+0000] {logging_mixin.py:190} INFO - [2026-09-04T18:49:07.937+0000] {dag.py:4180} INFO - Setting next_dagrun for healthcare_analytics to None, run_after=None
[2026-09-04T18:49:07.944+0000] {processor.py:208} INFO - Processing /opt/airflow/dags/healthcare_claims_pipeline.py took 0.037 seconds
[2026-09-04T18:49:38.142+0000] {processor.py:186} INFO - Started process (PID=319) to work on /opt/airflow/dags/healthcare_claims_pipeline.py
[2026-09-04T18:49:38.142+0000] {processor.py:914} INFO - Processing file /opt/airflow/dags/healthcare_claims_pipeline.py for tasks to queue
[2026-09-04T18:49:38.143+0000] {logging_mixin.py:190} INFO - [2026-09-04T18:49:38.143+0000] {dagbag.py:588} INFO - Filling up the DagBag from /opt/airflow/dags/healthcare_claims_pipeline.py
[2026-09-04T18:49:38.147+0000] {processor.py:925} INFO - DAG(s) 'healthcare_analytics' retrieved from /opt/airflow/dags/healthcare_claims_pipeline.py
[2026-09-04T18:49:38.161+0000] {logging_mixin.py:190} INFO - [2026-09-04T18:49:38.161+0000] {dag.py:3239} INFO - Sync 1 DAGs
[2026-09-04T18:49:38.167+0000] {logging_mixin.py:190} INFO - [2026-09-04T18:49:38.167+0000] {dag.py:4180} INFO - Setting next_dagrun for healthcare_analytics to None, run_after=None
[2026-09-04T18:49:38.174+0000] {processor.py:208} INFO - Processing /opt/airflow/dags/healthcare_claims_pipeline.py took 0.036 seconds
[2026-09-04T18:50:08.374+0000] {processor.py:186} INFO - Started process (PID=365) to work on /opt/airflow/dags/healthcare_claims_pipeline.py
[2026-09-04T18:50:08.374+0000] {processor.py:914} INFO - Processing file /opt/airflow/dags/healthcare_claims_pipeline.py for tasks to queue
[2026-09-04T18:50:08.376+0000] {logging_mixin.py:190} INFO - [2026-09-04T18:50:08.375+0000] {dagbag.py:588} INFO - Filling up the DagBag from /opt/airflow/dags/healthcare_claims_pipeline.py
[2026-09-04T18:50:08.381+0000] {processor.py:925} INFO - DAG(s) 'healthcare_analytics' retrieved from /opt/airflow/dags/healthcare_claims_pipeline.py
[2026-09-04T18:50:08.396+0000] {logging_mixin.py:190} INFO - [2026-09-04T18:50:08.396+0000] {dag.py:3239} INFO - Sync 1 DAGs
[2026-09-04T18:50:08.402+0000] {logging_mixin.py:190} INFO - [2026-09-04T18:50:08.402+0000] {dag.py:4180} INFO - Setting next_dagrun for healthcare_analytics to None, run_after=None
[2026-09-04T18:50:08.409+0000] {processor.py:208} INFO - Processing /opt/airflow/dags/healthcare_claims_pipeline.py took 0.039 seconds
[2026-09-04T18:50:38.573+0000] {processor.py:186} INFO - Started process (PID=370) to work on /opt/airflow/dags/healthcare_claims_pipeline.py
[2026-09-04T18:50:38.574+0000] {processor.py:914} INFO - Processing file /opt/airflow/dags/healthcare_claims_pipeline.py for tasks to queue
[2026-09-04T18:50:38.576+0000] {logging_mixin.py:190} INFO - [2026-09-04T18:50:38.575+0000] {dagbag.py:588} INFO - Filling up the DagBag from /opt/airflow/dags/healthcare_claims_pipeline.py
[2026-09-04T18:50:38.583+0000] {processor.py:925} INFO - DAG(s) 'healthcare_analytics' retrieved from /opt/airflow/dags/healthcare_claims_pipeline.py
[2026-09-04T18:50:38.601+0000] {logging_mixin.py:190} INFO - [2026-09-04T18:50:38.601+0000] {dag.py:3239} INFO - Sync 1 DAGs
[2026-09-04T18:50:38.608+0000] {logging_mixin.py:190} INFO - [2026-09-04T18:50:38.608+0000] {dag.py:4180} INFO - Setting next_dagrun for healthcare_analytics to None, run_after=None
[2026-09-04T18:50:38.615+0000] {processor.py:208} INFO - Processing /opt/airflow/dags/healthcare_claims_pipeline.py took 0.048 seconds
[2026-09-04T18:51:08.842+0000] {processor.py:186} INFO - Started process (PID=375) to work on /opt/airflow/dags/healthcare_claims_pipeline.py
[2026-09-04T18:51:08.842+0000] {processor.py:914} INFO - Processing file /opt/airflow/dags/healthcare_claims_pipeline.py for tasks to queue
[2026-09-04T18:51:08.844+0000] {logging_mixin.py:190} INFO - [2026-09-04T18:51:08.844+0000] {dagbag.py:588} INFO - Filling up the DagBag from /opt/airflow/dags/healthcare_claims_pipeline.py
[2026-09-04T18:51:08.851+0000] {processor.py:925} INFO - DAG(s) 'healthcare_analytics' retrieved from /opt/airflow/dags/healthcare_claims_pipeline.py
[2026-09-04T18:51:08.868+0000] {logging_mixin.py:190} INFO - [2026-09-04T18:51:08.868+0000] {dag.py:3239} INFO - Sync 1 DAGs
[2026-09-04T18:51:08.874+0000] {logging_mixin.py:190} INFO - [2026-09-04T18:51:08.874+0000] {dag.py:4180} INFO - Setting next_dagrun for healthcare_analytics to None, run_after=None
[2026-09-04T18:51:08.881+0000] {processor.py:208} INFO - Processing /opt/airflow/dags/healthcare_claims_pipeline.py took 0.044 seconds
[2026-09-04T18:51:39.093+0000] {processor.py:186} INFO - Started process (PID=380) to work on /opt/airflow/dags/healthcare_claims_pipeline.py
[2026-09-04T18:51:39.094+0000] {processor.py:914} INFO - Processing file /opt/airflow/dags/healthcare_claims_pipeline.py for tasks to queue
[2026-09-04T18:51:39.096+0000] {logging_mixin.py:190} INFO - [2026-09-04T18:51:39.096+0000] {dagbag.py:588} INFO - Filling up the DagBag from /opt/airflow/dags/healthcare_claims_pipeline.py
[2026-09-04T18:51:39.104+0000] {processor.py:925} INFO - DAG(s) 'healthcare_analytics' retrieved from /opt/airflow/dags/healthcare_claims_pipeline.py
[2026-09-04T18:51:39.122+0000] {logging_mixin.py:190} INFO - [2026-09-04T18:51:39.122+0000] {dag.py:3239} INFO - Sync 1 DAGs
[2026-09-04T18:51:39.129+0000] {logging_mixin.py:190} INFO - [2026-09-04T18:51:39.129+0000] {dag.py:4180} INFO - Setting next_dagrun for healthcare_analytics to None, run_after=None
[2026-09-04T18:51:39.137+0000] {processor.py:208} INFO - Processing /opt/airflow/dags/healthcare_claims_pipeline.py took 0.049 seconds
[2026-09-04T18:52:09.355+0000] {processor.py:186} INFO - Started process (PID=385) to work on /opt/airflow/dags/healthcare_claims_pipeline.py
[2026-09-04T18:52:09.356+0000] {processor.py:914} INFO - Processing file /opt/airflow/dags/healthcare_claims_pipeline.py for tasks to queue
[2026-09-04T18:52:09.358+0000] {logging_mixin.py:190} INFO - [2026-09-04T18:52:09.357+0000] {dagbag.py:588} INFO - Filling up the DagBag from /opt/airflow/dags/healthcare_claims_pipeline.py
[2026-09-04T18:52:09.363+0000] {processor.py:925} INFO - DAG(s) 'healthcare_analytics' retrieved from /opt/airflow/dags/healthcare_claims_pipeline.py
[2026-09-04T18:52:09.378+0000] {logging_mixin.py:190} INFO - [2026-09-04T18:52:09.378+0000] {dag.py:3239} INFO - Sync 1 DAGs
[2026-09-04T18:52:09.385+0000] {logging_mixin.py:190} INFO - [2026-09-04T18:52:09.385+0000] {dag.py:4180} INFO - Setting next_dagrun for healthcare_analytics to None, run_after=None
[2026-09-04T18:52:09.392+0000] {processor.py:208} INFO - Processing /opt/airflow/dags/healthcare_claims_pipeline.py took 0.041 seconds
[2026-09-04T18:52:39.533+0000] {processor.py:186} INFO - Started process (PID=390) to work on /opt/airflow/dags/healthcare_claims_pipeline.py
[2026-09-04T18:52:39.534+0000] {processor.py:914} INFO - Processing file /opt/airflow/dags/healthcare_claims_pipeline.py for tasks to queue
[2026-09-04T18:52:39.536+0000] {logging_mixin.py:190} INFO - [2026-09-04T18:52:39.535+0000] {dagbag.py:588} INFO - Filling up the DagBag from /opt/airflow/dags/healthcare_claims_pipeline.py
[2026-09-04T18:52:39.542+0000] {processor.py:925} INFO - DAG(s) 'healthcare_analytics' retrieved from /opt/airflow/dags/healthcare_claims_pipeline.py
[2026-09-04T18:52:39.561+0000] {logging_mixin.py:190} INFO - [2026-09-04T18:52:39.561+0000] {dag.py:3239} INFO - Sync 1 DAGs
[2026-09-04T18:52:39.567+0000] {logging_mixin.py:190} INFO - [2026-09-04T18:52:39.566+0000] {dag.py:4180} INFO - Setting next_dagrun for healthcare_analytics to None, run_after=None
[2026-09-04T18:52:39.573+0000] {processor.py:208} INFO - Processing /opt/airflow/dags/healthcare_claims_pipeline.py took 0.046 seconds
[2026-09-04T18:53:09.796+0000] {processor.py:186} INFO - Started process (PID=395) to work on /opt/airflow/dags/healthcare_claims_pipeline.py
[2026-09-04T18:53:09.797+0000] {processor.py:914} INFO - Processing file /opt/airflow/dags/healthcare_claims_pipeline.py for tasks to queue
[2026-09-04T18:53:09.798+0000] {logging_mixin.py:190} INFO - [2026-09-04T18:53:09.798+0000] {dagbag.py:588} INFO - Filling up the DagBag from /opt/airflow/dags/healthcare_claims_pipeline.py
[2026-09-04T18:53:09.803+0000] {processor.py:925} INFO - DAG(s) 'healthcare_analytics' retrieved from /opt/airflow/dags/healthcare_claims_pipeline.py
[2026-09-04T18:53:09.817+0000] {logging_mixin.py:190} INFO - [2026-09-04T18:53:09.817+0000] {dag.py:3239} INFO - Sync 1 DAGs
[2026-09-04T18:53:09.823+0000] {logging_mixin.py:190} INFO - [2026-09-04T18:53:09.823+0000] {dag.py:4180} INFO - Setting next_dagrun for healthcare_analytics to None, run_after=None
[2026-09-04T18:53:09.830+0000] {processor.py:208} INFO - Processing /opt/airflow/dags/healthcare_claims_pipeline.py took 0.037 seconds
[2026-09-04T18:53:40.046+0000] {processor.py:186} INFO - Started process (PID=400) to work on /opt/airflow/dags/healthcare_claims_pipeline.py
[2026-09-04T18:53:40.047+0000] {processor.py:914} INFO - Processing file /opt/airflow/dags/healthcare_claims_pipeline.py for tasks to queue
[2026-09-04T18:53:40.049+0000] {logging_mixin.py:190} INFO - [2026-09-04T18:53:40.049+0000] {dagbag.py:588} INFO - Filling up the DagBag from /opt/airflow/dags/healthcare_claims_pipeline.py
[2026-09-04T18:53:40.056+0000] {processor.py:925} INFO - DAG(s) 'healthcare_analytics' retrieved from /opt/airflow/dags/healthcare_claims_pipeline.py
[2026-09-04T18:53:40.072+0000] {logging_mixin.py:190} INFO - [2026-09-04T18:53:40.072+0000] {dag.py:3239} INFO - Sync 1 DAGs
[2026-09-04T18:53:40.079+0000] {logging_mixin.py:190} INFO - [2026-09-04T18:53:40.078+0000] {dag.py:4180} INFO - Setting next_dagrun for healthcare_analytics to None, run_after=None
[2026-09-04T18:53:40.086+0000] {processor.py:208} INFO - Processing /opt/airflow/dags/healthcare_claims_pipeline.py took 0.044 seconds
[2026-09-04T18:54:10.317+0000] {processor.py:186} INFO - Started process (PID=405) to work on /opt/airflow/dags/healthcare_claims_pipeline.py
[2026-09-04T18:54:10.318+0000] {processor.py:914} INFO - Processing file /opt/airflow/dags/healthcare_claims_pipeline.py for tasks to queue
[2026-09-04T18:54:10.320+0000] {logging_mixin.py:190} INFO - [2026-09-04T18:54:10.319+0000] {dagbag.py:588} INFO - Filling up the DagBag from /opt/airflow/dags/healthcare_claims_pipeline.py
[2026-09-04T18:54:10.325+0000] {processor.py:925} INFO - DAG(s) 'healthcare_analytics' retrieved from /opt/airflow/dags/healthcare_claims_pipeline.py
[2026-09-04T18:54:10.343+0000] {logging_mixin.py:190} INFO - [2026-09-04T18:54:10.343+0000] {dag.py:3239} INFO - Sync 1 DAGs
[2026-09-04T18:54:10.350+0000] {logging_mixin.py:190} INFO - [2026-09-04T18:54:10.350+0000] {dag.py:4180} INFO - Setting next_dagrun for healthcare_analytics to None, run_after=None
[2026-09-04T18:54:10.358+0000] {processor.py:208} INFO - Processing /opt/airflow/dags/healthcare_claims_pipeline.py took 0.044 seconds
[2026-09-04T18:54:40.585+0000] {processor.py:186} INFO - Started process (PID=410) to work on /opt/airflow/dags/healthcare_claims_pipeline.py
[2026-09-04T18:54:40.586+0000] {processor.py:914} INFO - Processing file /opt/airflow/dags/healthcare_claims_pipeline.py for tasks to queue
[2026-09-04T18:54:40.587+0000] {logging_mixin.py:190} INFO - [2026-09-04T18:54:40.587+0000] {dagbag.py:588} INFO - Filling up the DagBag from /opt/airflow/dags/healthcare_claims_pipeline.py
[2026-09-04T18:54:40.594+0000] {processor.py:925} INFO - DAG(s) 'healthcare_analytics' retrieved from /opt/airflow/dags/healthcare_claims_pipeline.py
[2026-09-04T18:54:40.611+0000] {logging_mixin.py:190} INFO - [2026-09-04T18:54:40.611+0000] {dag.py:3239} INFO - Sync 1 DAGs
[2026-09-04T18:54:40.617+0000] {logging_mixin.py:190} INFO - [2026-09-04T18:54:40.617+0000] {dag.py:4180} INFO - Setting next_dagrun for healthcare_analytics to None, run_after=None
[2026-09-04T18:54:40.624+0000] {processor.py:208} INFO - Processing /opt/airflow/dags/healthcare_claims_pipeline.py took 0.044 seconds
[2026-09-04T18:55:10.842+0000] {processor.py:186} INFO - Started process (PID=415) to work on /opt/airflow/dags/healthcare_claims_pipeline.py
[2026-09-04T18:55:10.842+0000] {processor.py:914} INFO - Processing file /opt/airflow/dags/healthcare_claims_pipeline.py for tasks to queue
[2026-09-04T18:55:10.844+0000] {logging_mixin.py:190} INFO - [2026-09-04T18:55:10.844+0000] {dagbag.py:588} INFO - Filling up the DagBag from /opt/airflow/dags/healthcare_claims_pipeline.py
[2026-09-04T18:55:10.850+0000] {processor.py:925} INFO - DAG(s) 'healthcare_analytics' retrieved from /opt/airflow/dags/healthcare_claims_pipeline.py
[2026-09-04T18:55:10.866+0000] {logging_mixin.py:190} INFO - [2026-09-04T18:55:10.866+0000] {dag.py:3239} INFO - Sync 1 DAGs
[2026-09-04T18:55:10.873+0000] {logging_mixin.py:190} INFO - [2026-09-04T18:55:10.873+0000] {dag.py:4180} INFO - Setting next_dagrun for healthcare_analytics to None, run_after=None
[2026-09-04T18:55:10.880+0000] {processor.py:208} INFO - Processing /opt/airflow/dags/healthcare_claims_pipeline.py took 0.042 seconds
[2026-09-04T18:55:41.121+0000] {processor.py:186} INFO - Started process (PID=420) to work on /opt/airflow/dags/healthcare_claims_pipeline.py
[2026-09-04T18:55:41.121+0000] {processor.py:914} INFO - Processing file /opt/airflow/dags/healthcare_claims_pipeline.py for tasks to queue
[2026-09-04T18:55:41.124+0000] {logging_mixin.py:190} INFO - [2026-09-04T18:55:41.124+0000] {dagbag.py:588} INFO - Filling up the DagBag from /opt/airflow/dags/healthcare_claims_pipeline.py
[2026-09-04T18:55:41.133+0000] {processor.py:925} INFO - DAG(s) 'healthcare_analytics' retrieved from /opt/airflow/dags/healthcare_claims_pipeline.py
[2026-09-04T18:55:41.150+0000] {logging_mixin.py:190} INFO - [2026-09-04T18:55:41.150+0000] {dag.py:3239} INFO - Sync 1 DAGs
[2026-09-04T18:55:41.156+0000] {logging_mixin.py:190} INFO - [2026-09-04T18:55:41.156+0000] {dag.py:4180} INFO - Setting next_dagrun for healthcare_analytics to None, run_after=None
[2026-09-04T18:55:41.164+0000] {processor.py:208} INFO - Processing /opt/airflow/dags/healthcare_claims_pipeline.py took 0.048 seconds
[2026-09-04T18:56:11.282+0000] {processor.py:186} INFO - Started process (PID=425) to work on /opt/airflow/dags/healthcare_claims_pipeline.py
[2026-09-04T18:56:11.283+0000] {processor.py:914} INFO - Processing file /opt/airflow/dags/healthcare_claims_pipeline.py for tasks to queue
[2026-09-04T18:56:11.284+0000] {logging_mixin.py:190} INFO - [2026-09-04T18:56:11.284+0000] {dagbag.py:588} INFO - Filling up the DagBag from /opt/airflow/dags/healthcare_claims_pipeline.py
[2026-09-04T18:56:11.288+0000] {processor.py:925} INFO - DAG(s) 'healthcare_analytics' retrieved from /opt/airflow/dags/healthcare_claims_pipeline.py
[2026-09-04T18:56:11.299+0000] {logging_mixin.py:190} INFO - [2026-09-04T18:56:11.299+0000] {dag.py:3239} INFO - Sync 1 DAGs
[2026-09-04T18:56:11.305+0000] {logging_mixin.py:190} INFO - [2026-09-04T18:56:11.305+0000] {dag.py:4180} INFO - Setting next_dagrun for healthcare_analytics to None, run_after=None
[2026-09-04T18:56:11.312+0000] {processor.py:208} INFO - Processing /opt/airflow/dags/healthcare_claims_pipeline.py took 0.033 seconds
[2026-09-04T18:56:41.443+0000] {processor.py:186} INFO - Started process (PID=430) to work on /opt/airflow/dags/healthcare_claims_pipeline.py
[2026-09-04T18:56:41.443+0000] {processor.py:914} INFO - Processing file /opt/airflow/dags/healthcare_claims_pipeline.py for tasks to queue
[2026-09-04T18:56:41.445+0000] {logging_mixin.py:190} INFO - [2026-09-04T18:56:41.445+0000] {dagbag.py:588} INFO - Filling up the DagBag from /opt/airflow/dags/healthcare_claims_pipeline.py
[2026-09-04T18:56:41.450+0000] {processor.py:925} INFO - DAG(s) 'healthcare_analytics' retrieved from /opt/airflow/dags/healthcare_claims_pipeline.py
[2026-09-04T18:56:41.466+0000] {logging_mixin.py:190} INFO - [2026-09-04T18:56:41.466+0000] {dag.py:3239} INFO - Sync 1 DAGs
[2026-09-04T18:56:41.473+0000] {logging_mixin.py:190} INFO - [2026-09-04T18:56:41.473+0000] {dag.py:4180} INFO - Setting next_dagrun for healthcare_analytics to None, run_after=None
[2026-09-04T18:56:41.481+0000] {processor.py:208} INFO - Processing /opt/airflow/dags/healthcare_claims_pipeline.py took 0.042 seconds
[2026-09-04T18:57:11.678+0000] {processor.py:186} INFO - Started process (PID=435) to work on /opt/airflow/dags/healthcare_claims_pipeline.py
[2026-09-04T18:57:11.679+0000] {processor.py:914} INFO - Processing file /opt/airflow/dags/healthcare_claims_pipeline.py for tasks to queue
[2026-09-04T18:57:11.680+0000] {logging_mixin.py:190} INFO - [2026-09-04T18:57:11.680+0000] {dagbag.py:588} INFO - Filling up the DagBag from /opt/airflow/dags/healthcare_claims_pipeline.py
[2026-09-04T18:57:11.684+0000] {processor.py:925} INFO - DAG(s) 'healthcare_analytics' retrieved from /opt/airflow/dags/healthcare_claims_pipeline.py
[2026-09-04T18:57:11.697+0000] {logging_mixin.py:190} INFO - [2026-09-04T18:57:11.697+0000] {dag.py:3239} INFO - Sync 1 DAGs
[2026-09-04T18:57:11.702+0000] {logging_mixin.py:190} INFO - [2026-09-04T18:57:11.702+0000] {dag.py:4180} INFO - Setting next_dagrun for healthcare_analytics to None, run_after=None
[2026-09-04T18:57:11.709+0000] {processor.py:208} INFO - Processing /opt/airflow/dags/healthcare_claims_pipeline.py took 0.033 seconds
[2026-09-04T18:57:41.963+0000] {processor.py:186} INFO - Started process (PID=440) to work on /opt/airflow/dags/healthcare_claims_pipeline.py
[2026-09-04T18:57:41.964+0000] {processor.py:914} INFO - Processing file /opt/airflow/dags/healthcare_claims_pipeline.py for tasks to queue
[2026-09-04T18:57:41.966+0000] {logging_mixin.py:190} INFO - [2026-09-04T18:57:41.965+0000] {dagbag.py:588} INFO - Filling up the DagBag from /opt/airflow/dags/healthcare_claims_pipeline.py
[2026-09-04T18:57:41.974+0000] {processor.py:925} INFO - DAG(s) 'healthcare_analytics' retrieved from /opt/airflow/dags/healthcare_claims_pipeline.py
[2026-09-04T18:57:41.994+0000] {logging_mixin.py:190} INFO - [2026-09-04T18:57:41.994+0000] {dag.py:3239} INFO - Sync 1 DAGs
[2026-09-04T18:57:42.001+0000] {logging_mixin.py:190} INFO - [2026-09-04T18:57:42.001+0000] {dag.py:4180} INFO - Setting next_dagrun for healthcare_analytics to None, run_after=None
[2026-09-04T18:57:42.008+0000] {processor.py:208} INFO - Processing /opt/airflow/dags/healthcare_claims_pipeline.py took 0.051 seconds
[2026-09-04T18:58:12.235+0000] {processor.py:186} INFO - Started process (PID=445) to work on /opt/airflow/dags/healthcare_claims_pipeline.py
[2026-09-04T18:58:12.235+0000] {processor.py:914} INFO - Processing file /opt/airflow/dags/healthcare_claims_pipeline.py for tasks to queue
[2026-09-04T18:58:12.236+0000] {logging_mixin.py:190} INFO - [2026-09-04T18:58:12.236+0000] {dagbag.py:588} INFO - Filling up the DagBag from /opt/airflow/dags/healthcare_claims_pipeline.py
[2026-09-04T18:58:12.240+0000] {processor.py:925} INFO - DAG(s) 'healthcare_analytics' retrieved from /opt/airflow/dags/healthcare_claims_pipeline.py
[2026-09-04T18:58:12.253+0000] {logging_mixin.py:190} INFO - [2026-09-04T18:58:12.252+0000] {dag.py:3239} INFO - Sync 1 DAGs
[2026-09-04T18:58:12.259+0000] {logging_mixin.py:190} INFO - [2026-09-04T18:58:12.258+0000] {dag.py:4180} INFO - Setting next_dagrun for healthcare_analytics to None, run_after=None
[2026-09-04T18:58:12.267+0000] {processor.py:208} INFO - Processing /opt/airflow/dags/healthcare_claims_pipeline.py took 0.035 seconds
[2026-09-04T18:58:42.491+0000] {processor.py:186} INFO - Started process (PID=450) to work on /opt/airflow/dags/healthcare_claims_pipeline.py
[2026-09-04T18:58:42.492+0000] {processor.py:914} INFO - Processing file /opt/airflow/dags/healthcare_claims_pipeline.py for tasks to queue
[2026-09-04T18:58:42.494+0000] {logging_mixin.py:190} INFO - [2026-09-04T18:58:42.493+0000] {dagbag.py:588} INFO - Filling up the DagBag from /opt/airflow/dags/healthcare_claims_pipeline.py
[2026-09-04T18:58:42.500+0000] {processor.py:925} INFO - DAG(s) 'healthcare_analytics' retrieved from /opt/airflow/dags/healthcare_claims_pipeline.py
[2026-09-04T18:58:42.515+0000] {logging_mixin.py:190} INFO - [2026-09-04T18:58:42.515+0000] {dag.py:3239} INFO - Sync 1 DAGs
[2026-09-04T18:58:42.521+0000] {logging_mixin.py:190} INFO - [2026-09-04T18:58:42.521+0000] {dag.py:4180} INFO - Setting next_dagrun for healthcare_analytics to None, run_after=None
[2026-09-04T18:58:42.528+0000] {processor.py:208} INFO - Processing /opt/airflow/dags/healthcare_claims_pipeline.py took 0.042 seconds
[2026-09-04T18:59:12.703+0000] {processor.py:186} INFO - Started process (PID=455) to work on /opt/airflow/dags/healthcare_claims_pipeline.py
[2026-09-04T18:59:12.703+0000] {processor.py:914} INFO - Processing file /opt/airflow/dags/healthcare_claims_pipeline.py for tasks to queue
[2026-09-04T18:59:12.705+0000] {logging_mixin.py:190} INFO - [2026-09-04T18:59:12.704+0000] {dagbag.py:588} INFO - Filling up the DagBag from /opt/airflow/dags/healthcare_claims_pipeline.py
[2026-09-04T18:59:12.708+0000] {processor.py:925} INFO - DAG(s) 'healthcare_analytics' retrieved from /opt/airflow/dags/healthcare_claims_pipeline.py
[2026-09-04T18:59:12.720+0000] {logging_mixin.py:190} INFO - [2026-09-04T18:59:12.720+0000] {dag.py:3239} INFO - Sync 1 DAGs
[2026-09-04T18:59:12.725+0000] {logging_mixin.py:190} INFO - [2026-09-04T18:59:12.725+0000] {dag.py:4180} INFO - Setting next_dagrun for healthcare_analytics to None, run_after=None
[2026-09-04T18:59:12.732+0000] {processor.py:208} INFO - Processing /opt/airflow/dags/healthcare_claims_pipeline.py took 0.031 seconds
[2026-09-04T18:59:42.947+0000] {processor.py:186} INFO - Started process (PID=460) to work on /opt/airflow/dags/healthcare_claims_pipeline.py
[2026-09-04T18:59:42.947+0000] {processor.py:914} INFO - Processing file /opt/airflow/dags/healthcare_claims_pipeline.py for tasks to queue
[2026-09-04T18:59:42.949+0000] {logging_mixin.py:190} INFO - [2026-09-04T18:59:42.949+0000] {dagbag.py:588} INFO - Filling up the DagBag from /opt/airflow/dags/healthcare_claims_pipeline.py
[2026-09-04T18:59:42.953+0000] {processor.py:925} INFO - DAG(s) 'healthcare_analytics' retrieved from /opt/airflow/dags/healthcare_claims_pipeline.py
[2026-09-04T18:59:42.967+0000] {logging_mixin.py:190} INFO - [2026-09-04T18:59:42.966+0000] {dag.py:3239} INFO - Sync 1 DAGs
[2026-09-04T18:59:42.972+0000] {logging_mixin.py:190} INFO - [2026-09-04T18:59:42.972+0000] {dag.py:4180} INFO - Setting next_dagrun for healthcare_analytics to None, run_after=None
[2026-09-04T18:59:42.979+0000] {processor.py:208} INFO - Processing /opt/airflow/dags/healthcare_claims_pipeline.py took 0.036 seconds
[2026-09-04T19:00:13.173+0000] {processor.py:186} INFO - Started process (PID=465) to work on /opt/airflow/dags/healthcare_claims_pipeline.py
[2026-09-04T19:00:13.173+0000] {processor.py:914} INFO - Processing file /opt/airflow/dags/healthcare_claims_pipeline.py for tasks to queue
[2026-09-04T19:00:13.176+0000] {logging_mixin.py:190} INFO - [2026-09-04T19:00:13.175+0000] {dagbag.py:588} INFO - Filling up the DagBag from /opt/airflow/dags/healthcare_claims_pipeline.py
[2026-09-04T19:00:13.184+0000] {processor.py:925} INFO - DAG(s) 'healthcare_analytics' retrieved from /opt/airflow/dags/healthcare_claims_pipeline.py
[2026-09-04T19:00:13.206+0000] {logging_mixin.py:190} INFO - [2026-09-04T19:00:13.205+0000] {dag.py:3239} INFO - Sync 1 DAGs
[2026-09-04T19:00:13.212+0000] {logging_mixin.py:190} INFO - [2026-09-04T19:00:13.212+0000] {dag.py:4180} INFO - Setting next_dagrun for healthcare_analytics to None, run_after=None
[2026-09-04T19:00:13.218+0000] {processor.py:208} INFO - Processing /opt/airflow/dags/healthcare_claims_pipeline.py took 0.050 seconds
[2026-09-04T19:00:43.418+0000] {processor.py:186} INFO - Started process (PID=470) to work on /opt/airflow/dags/healthcare_claims_pipeline.py
[2026-09-04T19:00:43.419+0000] {processor.py:914} INFO - Processing file /opt/airflow/dags/healthcare_claims_pipeline.py for tasks to queue
[2026-09-04T19:00:43.421+0000] {logging_mixin.py:190} INFO - [2026-09-04T19:00:43.421+0000] {dagbag.py:588} INFO - Filling up the DagBag from /opt/airflow/dags/healthcare_claims_pipeline.py
[2026-09-04T19:00:43.428+0000] {processor.py:925} INFO - DAG(s) 'healthcare_analytics' retrieved from /opt/airflow/dags/healthcare_claims_pipeline.py
[2026-09-04T19:00:43.444+0000] {logging_mixin.py:190} INFO - [2026-09-04T19:00:43.443+0000] {dag.py:3239} INFO - Sync 1 DAGs
[2026-09-04T19:00:43.450+0000] {logging_mixin.py:190} INFO - [2026-09-04T19:00:43.450+0000] {dag.py:4180} INFO - Setting next_dagrun for healthcare_analytics to None, run_after=None
[2026-09-04T19:00:43.457+0000] {processor.py:208} INFO - Processing /opt/airflow/dags/healthcare_claims_pipeline.py took 0.043 seconds
[2026-09-04T19:01:13.643+0000] {processor.py:186} INFO - Started process (PID=475) to work on /opt/airflow/dags/healthcare_claims_pipeline.py
[2026-09-04T19:01:13.644+0000] {processor.py:914} INFO - Processing file /opt/airflow/dags/healthcare_claims_pipeline.py for tasks to queue
[2026-09-04T19:01:13.645+0000] {logging_mixin.py:190} INFO - [2026-09-04T19:01:13.645+0000] {dagbag.py:588} INFO - Filling up the DagBag from /opt/airflow/dags/healthcare_claims_pipeline.py
[2026-09-04T19:01:13.651+0000] {processor.py:925} INFO - DAG(s) 'healthcare_analytics' retrieved from /opt/airflow/dags/healthcare_claims_pipeline.py
[2026-09-04T19:01:13.665+0000] {logging_mixin.py:190} INFO - [2026-09-04T19:01:13.665+0000] {dag.py:3239} INFO - Sync 1 DAGs
[2026-09-04T19:01:13.671+0000] {logging_mixin.py:190} INFO - [2026-09-04T19:01:13.671+0000] {dag.py:4180} INFO - Setting next_dagrun for healthcare_analytics to None, run_after=None
[2026-09-04T19:01:13.679+0000] {processor.py:208} INFO - Processing /opt/airflow/dags/healthcare_claims_pipeline.py took 0.040 seconds
[2026-09-04T19:01:43.837+0000] {processor.py:186} INFO - Started process (PID=480) to work on /opt/airflow/dags/healthcare_claims_pipeline.py
[2026-09-04T19:01:43.837+0000] {processor.py:914} INFO - Processing file /opt/airflow/dags/healthcare_claims_pipeline.py for tasks to queue
[2026-09-04T19:01:43.838+0000] {logging_mixin.py:190} INFO - [2026-09-04T19:01:43.838+0000] {dagbag.py:588} INFO - Filling up the DagBag from /opt/airflow/dags/healthcare_claims_pipeline.py
[2026-09-04T19:01:43.841+0000] {processor.py:925} INFO - DAG(s) 'healthcare_analytics' retrieved from /opt/airflow/dags/healthcare_claims_pipeline.py
[2026-09-04T19:01:43.851+0000] {logging_mixin.py:190} INFO - [2026-09-04T19:01:43.851+0000] {dag.py:3239} INFO - Sync 1 DAGs
[2026-09-04T19:01:43.855+0000] {logging_mixin.py:190} INFO - [2026-09-04T19:01:43.855+0000] {dag.py:4180} INFO - Setting next_dagrun for healthcare_analytics to None, run_after=None
[2026-09-04T19:01:43.861+0000] {processor.py:208} INFO - Processing /opt/airflow/dags/healthcare_claims_pipeline.py took 0.026 seconds
[2026-09-04T19:02:14.103+0000] {processor.py:186} INFO - Started process (PID=485) to work on /opt/airflow/dags/healthcare_claims_pipeline.py
[2026-09-04T19:02:14.104+0000] {processor.py:914} INFO - Processing file /opt/airflow/dags/healthcare_claims_pipeline.py for tasks to queue
[2026-09-04T19:02:14.105+0000] {logging_mixin.py:190} INFO - [2026-09-04T19:02:14.105+0000] {dagbag.py:588} INFO - Filling up the DagBag from /opt/airflow/dags/healthcare_claims_pipeline.py
[2026-09-04T19:02:14.113+0000] {processor.py:925} INFO - DAG(s) 'healthcare_analytics' retrieved from /opt/airflow/dags/healthcare_claims_pipeline.py
[2026-09-04T19:02:14.130+0000] {logging_mixin.py:190} INFO - [2026-09-04T19:02:14.130+0000] {dag.py:3239} INFO - Sync 1 DAGs
[2026-09-04T19:02:14.136+0000] {logging_mixin.py:190} INFO - [2026-09-04T19:02:14.136+0000] {dag.py:4180} INFO - Setting next_dagrun for healthcare_analytics to None, run_after=None
[2026-09-04T19:02:14.144+0000] {processor.py:208} INFO - Processing /opt/airflow/dags/healthcare_claims_pipeline.py took 0.047 seconds
[2026-09-04T19:02:44.361+0000] {processor.py:186} INFO - Started process (PID=490) to work on /opt/airflow/dags/healthcare_claims_pipeline.py
[2026-09-04T19:02:44.362+0000] {processor.py:914} INFO - Processing file /opt/airflow/dags/healthcare_claims_pipeline.py for tasks to queue
[2026-09-04T19:02:44.363+0000] {logging_mixin.py:190} INFO - [2026-09-04T19:02:44.363+0000] {dagbag.py:588} INFO - Filling up the DagBag from /opt/airflow/dags/healthcare_claims_pipeline.py
[2026-09-04T19:02:44.367+0000] {processor.py:925} INFO - DAG(s) 'healthcare_analytics' retrieved from /opt/airflow/dags/healthcare_claims_pipeline.py
[2026-09-04T19:02:44.381+0000] {logging_mixin.py:190} INFO - [2026-09-04T19:02:44.381+0000] {dag.py:3239} INFO - Sync 1 DAGs
[2026-09-04T19:02:44.387+0000] {logging_mixin.py:190} INFO - [2026-09-04T19:02:44.387+0000] {dag.py:4180} INFO - Setting next_dagrun for healthcare_analytics to None, run_after=None
[2026-09-04T19:02:44.399+0000] {processor.py:208} INFO - Processing /opt/airflow/dags/healthcare_claims_pipeline.py took 0.041 seconds
[2026-09-04T19:03:14.620+0000] {processor.py:186} INFO - Started process (PID=495) to work on /opt/airflow/dags/healthcare_claims_pipeline.py
[2026-09-04T19:03:14.620+0000] {processor.py:914} INFO - Processing file /opt/airflow/dags/healthcare_claims_pipeline.py for tasks to queue
[2026-09-04T19:03:14.621+0000] {logging_mixin.py:190} INFO - [2026-09-04T19:03:14.621+0000] {dagbag.py:588} INFO - Filling up the DagBag from /opt/airflow/dags/healthcare_claims_pipeline.py
[2026-09-04T19:03:14.625+0000] {processor.py:925} INFO - DAG(s) 'healthcare_analytics' retrieved from /opt/airflow/dags/healthcare_claims_pipeline.py
[2026-09-04T19:03:14.638+0000] {logging_mixin.py:190} INFO - [2026-09-04T19:03:14.638+0000] {dag.py:3239} INFO - Sync 1 DAGs
[2026-09-04T19:03:14.644+0000] {logging_mixin.py:190} INFO - [2026-09-04T19:03:14.644+0000] {dag.py:4180} INFO - Setting next_dagrun for healthcare_analytics to None, run_after=None
[2026-09-04T19:03:14.651+0000] {processor.py:208} INFO - Processing /opt/airflow/dags/healthcare_claims_pipeline.py took 0.034 seconds
[2026-09-04T19:03:26.741+0000] {processor.py:186} INFO - Started process (PID=500) to work on /opt/airflow/dags/healthcare_claims_pipeline.py
[2026-09-04T19:03:26.742+0000] {processor.py:914} INFO - Processing file /opt/airflow/dags/healthcare_claims_pipeline.py for tasks to queue
[2026-09-04T19:03:26.743+0000] {logging_mixin.py:190} INFO - [2026-09-04T19:03:26.743+0000] {dagbag.py:588} INFO - Filling up the DagBag from /opt/airflow/dags/healthcare_claims_pipeline.py
[2026-09-04T19:03:26.752+0000] {processor.py:925} INFO - DAG(s) 'healthcare_analytics' retrieved from /opt/airflow/dags/healthcare_claims_pipeline.py
[2026-09-04T19:03:26.806+0000] {logging_mixin.py:190} INFO - [2026-09-04T19:03:26.806+0000] {dag.py:3239} INFO - Sync 1 DAGs
[2026-09-04T19:03:26.811+0000] {logging_mixin.py:190} INFO - [2026-09-04T19:03:26.811+0000] {dag.py:4180} INFO - Setting next_dagrun for healthcare_analytics to None, run_after=None
[2026-09-04T19:03:26.817+0000] {processor.py:208} INFO - Processing /opt/airflow/dags/healthcare_claims_pipeline.py took 0.081 seconds
[2026-09-04T19:03:56.999+0000] {processor.py:186} INFO - Started process (PID=505) to work on /opt/airflow/dags/healthcare_claims_pipeline.py
[2026-09-04T19:03:57.000+0000] {processor.py:914} INFO - Processing file /opt/airflow/dags/healthcare_claims_pipeline.py for tasks to queue
[2026-09-04T19:03:57.001+0000] {logging_mixin.py:190} INFO - [2026-09-04T19:03:57.001+0000] {dagbag.py:588} INFO - Filling up the DagBag from /opt/airflow/dags/healthcare_claims_pipeline.py
[2026-09-04T19:03:57.009+0000] {processor.py:925} INFO - DAG(s) 'healthcare_analytics' retrieved from /opt/airflow/dags/healthcare_claims_pipeline.py
[2026-09-04T19:03:57.027+0000] {logging_mixin.py:190} INFO - [2026-09-04T19:03:57.027+0000] {dag.py:3239} INFO - Sync 1 DAGs
[2026-09-04T19:03:57.033+0000] {logging_mixin.py:190} INFO - [2026-09-04T19:03:57.033+0000] {dag.py:4180} INFO - Setting next_dagrun for healthcare_analytics to None, run_after=None
[2026-09-04T19:03:57.041+0000] {processor.py:208} INFO - Processing /opt/airflow/dags/healthcare_claims_pipeline.py took 0.047 seconds
[2026-09-04T19:04:10.146+0000] {processor.py:186} INFO - Started process (PID=510) to work on /opt/airflow/dags/healthcare_claims_pipeline.py
[2026-09-04T19:04:10.147+0000] {processor.py:914} INFO - Processing file /opt/airflow/dags/healthcare_claims_pipeline.py for tasks to queue
[2026-09-04T19:04:10.149+0000] {logging_mixin.py:190} INFO - [2026-09-04T19:04:10.148+0000] {dagbag.py:588} INFO - Filling up the DagBag from /opt/airflow/dags/healthcare_claims_pipeline.py
[2026-09-04T19:04:10.156+0000] {processor.py:925} INFO - DAG(s) 'healthcare_analytics' retrieved from /opt/airflow/dags/healthcare_claims_pipeline.py
[2026-09-04T19:04:10.207+0000] {logging_mixin.py:190} INFO - [2026-09-04T19:04:10.206+0000] {dag.py:3239} INFO - Sync 1 DAGs
[2026-09-04T19:04:10.211+0000] {logging_mixin.py:190} INFO - [2026-09-04T19:04:10.211+0000] {dag.py:4180} INFO - Setting next_dagrun for healthcare_analytics to None, run_after=None
[2026-09-04T19:04:10.218+0000] {processor.py:208} INFO - Processing /opt/airflow/dags/healthcare_claims_pipeline.py took 0.076 seconds
[2026-09-04T19:04:40.394+0000] {processor.py:186} INFO - Started process (PID=515) to work on /opt/airflow/dags/healthcare_claims_pipeline.py
[2026-09-04T19:04:40.394+0000] {processor.py:914} INFO - Processing file /opt/airflow/dags/healthcare_claims_pipeline.py for tasks to queue
[2026-09-04T19:04:40.395+0000] {logging_mixin.py:190} INFO - [2026-09-04T19:04:40.395+0000] {dagbag.py:588} INFO - Filling up the DagBag from /opt/airflow/dags/healthcare_claims_pipeline.py
[2026-09-04T19:04:40.400+0000] {processor.py:925} INFO - DAG(s) 'healthcare_analytics' retrieved from /opt/airflow/dags/healthcare_claims_pipeline.py
[2026-09-04T19:04:40.415+0000] {logging_mixin.py:190} INFO - [2026-09-04T19:04:40.415+0000] {dag.py:3239} INFO - Sync 1 DAGs
[2026-09-04T19:04:40.421+0000] {logging_mixin.py:190} INFO - [2026-09-04T19:04:40.421+0000] {dag.py:4180} INFO - Setting next_dagrun for healthcare_analytics to None, run_after=None
[2026-09-04T19:04:40.428+0000] {processor.py:208} INFO - Processing /opt/airflow/dags/healthcare_claims_pipeline.py took 0.037 seconds
[2026-09-04T19:04:41.404+0000] {processor.py:186} INFO - Started process (PID=520) to work on /opt/airflow/dags/healthcare_claims_pipeline.py
[2026-09-04T19:04:41.404+0000] {processor.py:914} INFO - Processing file /opt/airflow/dags/healthcare_claims_pipeline.py for tasks to queue
[2026-09-04T19:04:41.405+0000] {logging_mixin.py:190} INFO - [2026-09-04T19:04:41.405+0000] {dagbag.py:588} INFO - Filling up the DagBag from /opt/airflow/dags/healthcare_claims_pipeline.py
[2026-09-04T19:04:41.411+0000] {processor.py:925} INFO - DAG(s) 'healthcare_analytics' retrieved from /opt/airflow/dags/healthcare_claims_pipeline.py
[2026-09-04T19:04:41.456+0000] {logging_mixin.py:190} INFO - [2026-09-04T19:04:41.456+0000] {dag.py:3239} INFO - Sync 1 DAGs
[2026-09-04T19:04:41.460+0000] {logging_mixin.py:190} INFO - [2026-09-04T19:04:41.460+0000] {dag.py:4180} INFO - Setting next_dagrun for healthcare_analytics to None, run_after=None
[2026-09-04T19:04:41.467+0000] {processor.py:208} INFO - Processing /opt/airflow/dags/healthcare_claims_pipeline.py took 0.067 seconds
[2026-09-04T19:05:11.669+0000] {processor.py:186} INFO - Started process (PID=525) to work on /opt/airflow/dags/healthcare_claims_pipeline.py
[2026-09-04T19:05:11.670+0000] {processor.py:914} INFO - Processing file /opt/airflow/dags/healthcare_claims_pipeline.py for tasks to queue
[2026-09-04T19:05:11.672+0000] {logging_mixin.py:190} INFO - [2026-09-04T19:05:11.672+0000] {dagbag.py:588} INFO - Filling up the DagBag from /opt/airflow/dags/healthcare_claims_pipeline.py
[2026-09-04T19:05:11.679+0000] {processor.py:925} INFO - DAG(s) 'healthcare_analytics' retrieved from /opt/airflow/dags/healthcare_claims_pipeline.py
[2026-09-04T19:05:11.697+0000] {logging_mixin.py:190} INFO - [2026-09-04T19:05:11.697+0000] {dag.py:3239} INFO - Sync 1 DAGs
[2026-09-04T19:05:11.706+0000] {logging_mixin.py:190} INFO - [2026-09-04T19:05:11.706+0000] {dag.py:4180} INFO - Setting next_dagrun for healthcare_analytics to None, run_after=None
[2026-09-04T19:05:11.719+0000] {processor.py:208} INFO - Processing /opt/airflow/dags/healthcare_claims_pipeline.py took 0.054 seconds
[2026-09-04T19:05:46.620+0000] {processor.py:186} INFO - Started process (PID=171) to work on /opt/airflow/dags/healthcare_claims_pipeline.py
[2026-09-04T19:05:46.621+0000] {processor.py:914} INFO - Processing file /opt/airflow/dags/healthcare_claims_pipeline.py for tasks to queue
[2026-09-04T19:05:46.622+0000] {logging_mixin.py:190} INFO - [2026-09-04T19:05:46.622+0000] {dagbag.py:588} INFO - Filling up the DagBag from /opt/airflow/dags/healthcare_claims_pipeline.py
[2026-09-04T19:05:46.629+0000] {processor.py:925} INFO - DAG(s) 'healthcare_analytics' retrieved from /opt/airflow/dags/healthcare_claims_pipeline.py
[2026-09-04T19:05:46.649+0000] {logging_mixin.py:190} INFO - [2026-09-04T19:05:46.648+0000] {dag.py:3239} INFO - Sync 1 DAGs
[2026-09-04T19:05:46.654+0000] {logging_mixin.py:190} INFO - [2026-09-04T19:05:46.653+0000] {dag.py:4180} INFO - Setting next_dagrun for healthcare_analytics to None, run_after=None
[2026-09-04T19:05:46.659+0000] {processor.py:208} INFO - Processing /opt/airflow/dags/healthcare_claims_pipeline.py took 0.041 seconds
[2026-09-04T19:06:16.745+0000] {processor.py:186} INFO - Started process (PID=176) to work on /opt/airflow/dags/healthcare_claims_pipeline.py
[2026-09-04T19:06:16.746+0000] {processor.py:914} INFO - Processing file /opt/airflow/dags/healthcare_claims_pipeline.py for tasks to queue
[2026-09-04T19:06:16.749+0000] {logging_mixin.py:190} INFO - [2026-09-04T19:06:16.748+0000] {dagbag.py:588} INFO - Filling up the DagBag from /opt/airflow/dags/healthcare_claims_pipeline.py
[2026-09-04T19:06:16.756+0000] {processor.py:925} INFO - DAG(s) 'healthcare_analytics' retrieved from /opt/airflow/dags/healthcare_claims_pipeline.py
[2026-09-04T19:06:16.771+0000] {logging_mixin.py:190} INFO - [2026-09-04T19:06:16.771+0000] {dag.py:3239} INFO - Sync 1 DAGs
[2026-09-04T19:06:16.777+0000] {logging_mixin.py:190} INFO - [2026-09-04T19:06:16.777+0000] {dag.py:4180} INFO - Setting next_dagrun for healthcare_analytics to None, run_after=None
[2026-09-04T19:06:16.785+0000] {processor.py:208} INFO - Processing /opt/airflow/dags/healthcare_claims_pipeline.py took 0.043 seconds
[2026-09-04T19:06:46.863+0000] {processor.py:186} INFO - Started process (PID=215) to work on /opt/airflow/dags/healthcare_claims_pipeline.py
[2026-09-04T19:06:46.863+0000] {processor.py:914} INFO - Processing file /opt/airflow/dags/healthcare_claims_pipeline.py for tasks to queue
[2026-09-04T19:06:46.864+0000] {logging_mixin.py:190} INFO - [2026-09-04T19:06:46.864+0000] {dagbag.py:588} INFO - Filling up the DagBag from /opt/airflow/dags/healthcare_claims_pipeline.py
[2026-09-04T19:06:46.869+0000] {processor.py:925} INFO - DAG(s) 'healthcare_analytics' retrieved from /opt/airflow/dags/healthcare_claims_pipeline.py
[2026-09-04T19:06:46.884+0000] {logging_mixin.py:190} INFO - [2026-09-04T19:06:46.884+0000] {dag.py:3239} INFO - Sync 1 DAGs
[2026-09-04T19:06:46.890+0000] {logging_mixin.py:190} INFO - [2026-09-04T19:06:46.889+0000] {dag.py:4180} INFO - Setting next_dagrun for healthcare_analytics to None, run_after=None
[2026-09-04T19:06:46.896+0000] {processor.py:208} INFO - Processing /opt/airflow/dags/healthcare_claims_pipeline.py took 0.037 seconds
[2026-09-04T19:07:17.048+0000] {processor.py:186} INFO - Started process (PID=220) to work on /opt/airflow/dags/healthcare_claims_pipeline.py
[2026-09-04T19:07:17.049+0000] {processor.py:914} INFO - Processing file /opt/airflow/dags/healthcare_claims_pipeline.py for tasks to queue
[2026-09-04T19:07:17.051+0000] {logging_mixin.py:190} INFO - [2026-09-04T19:07:17.050+0000] {dagbag.py:588} INFO - Filling up the DagBag from /opt/airflow/dags/healthcare_claims_pipeline.py
[2026-09-04T19:07:17.064+0000] {processor.py:925} INFO - DAG(s) 'healthcare_analytics' retrieved from /opt/airflow/dags/healthcare_claims_pipeline.py
[2026-09-04T19:07:17.094+0000] {logging_mixin.py:190} INFO - [2026-09-04T19:07:17.094+0000] {dag.py:3239} INFO - Sync 1 DAGs
[2026-09-04T19:07:17.100+0000] {logging_mixin.py:190} INFO - [2026-09-04T19:07:17.100+0000] {dag.py:4180} INFO - Setting next_dagrun for healthcare_analytics to None, run_after=None
[2026-09-04T19:07:17.107+0000] {processor.py:208} INFO - Processing /opt/airflow/dags/healthcare_claims_pipeline.py took 0.065 seconds
[2026-09-04T19:07:47.294+0000] {processor.py:186} INFO - Started process (PID=260) to work on /opt/airflow/dags/healthcare_claims_pipeline.py
[2026-09-04T19:07:47.294+0000] {processor.py:914} INFO - Processing file /opt/airflow/dags/healthcare_claims_pipeline.py for tasks to queue
[2026-09-04T19:07:47.295+0000] {logging_mixin.py:190} INFO - [2026-09-04T19:07:47.295+0000] {dagbag.py:588} INFO - Filling up the DagBag from /opt/airflow/dags/healthcare_claims_pipeline.py
[2026-09-04T19:07:47.302+0000] {processor.py:925} INFO - DAG(s) 'healthcare_analytics' retrieved from /opt/airflow/dags/healthcare_claims_pipeline.py
[2026-09-04T19:07:47.317+0000] {logging_mixin.py:190} INFO - [2026-09-04T19:07:47.317+0000] {dag.py:3239} INFO - Sync 1 DAGs
[2026-09-04T19:07:47.324+0000] {logging_mixin.py:190} INFO - [2026-09-04T19:07:47.324+0000] {dag.py:4180} INFO - Setting next_dagrun for healthcare_analytics to None, run_after=None
[2026-09-04T19:07:47.331+0000] {processor.py:208} INFO - Processing /opt/airflow/dags/healthcare_claims_pipeline.py took 0.041 seconds
[2026-09-04T19:08:17.502+0000] {processor.py:186} INFO - Started process (PID=265) to work on /opt/airflow/dags/healthcare_claims_pipeline.py
[2026-09-04T19:08:17.503+0000] {processor.py:914} INFO - Processing file /opt/airflow/dags/healthcare_claims_pipeline.py for tasks to queue
[2026-09-04T19:08:17.504+0000] {logging_mixin.py:190} INFO - [2026-09-04T19:08:17.504+0000] {dagbag.py:588} INFO - Filling up the DagBag from /opt/airflow/dags/healthcare_claims_pipeline.py
[2026-09-04T19:08:17.508+0000] {processor.py:925} INFO - DAG(s) 'healthcare_analytics' retrieved from /opt/airflow/dags/healthcare_claims_pipeline.py
[2026-09-04T19:08:17.522+0000] {logging_mixin.py:190} INFO - [2026-09-04T19:08:17.522+0000] {dag.py:3239} INFO - Sync 1 DAGs
[2026-09-04T19:08:17.528+0000] {logging_mixin.py:190} INFO - [2026-09-04T19:08:17.528+0000] {dag.py:4180} INFO - Setting next_dagrun for healthcare_analytics to None, run_after=None
[2026-09-04T19:08:17.534+0000] {processor.py:208} INFO - Processing /opt/airflow/dags/healthcare_claims_pipeline.py took 0.035 seconds
[2026-09-04T19:08:47.703+0000] {processor.py:186} INFO - Started process (PID=270) to work on /opt/airflow/dags/healthcare_claims_pipeline.py
[2026-09-04T19:08:47.704+0000] {processor.py:914} INFO - Processing file /opt/airflow/dags/healthcare_claims_pipeline.py for tasks to queue
[2026-09-04T19:08:47.705+0000] {logging_mixin.py:190} INFO - [2026-09-04T19:08:47.705+0000] {dagbag.py:588} INFO - Filling up the DagBag from /opt/airflow/dags/healthcare_claims_pipeline.py
[2026-09-04T19:08:47.712+0000] {processor.py:925} INFO - DAG(s) 'healthcare_analytics' retrieved from /opt/airflow/dags/healthcare_claims_pipeline.py
[2026-09-04T19:08:47.730+0000] {logging_mixin.py:190} INFO - [2026-09-04T19:08:47.730+0000] {dag.py:3239} INFO - Sync 1 DAGs
[2026-09-04T19:08:47.738+0000] {logging_mixin.py:190} INFO - [2026-09-04T19:08:47.737+0000] {dag.py:4180} INFO - Setting next_dagrun for healthcare_analytics to None, run_after=None
[2026-09-04T19:08:47.745+0000] {processor.py:208} INFO - Processing /opt/airflow/dags/healthcare_claims_pipeline.py took 0.047 seconds
[2026-09-04T19:09:17.914+0000] {processor.py:186} INFO - Started process (PID=275) to work on /opt/airflow/dags/healthcare_claims_pipeline.py
[2026-09-04T19:09:17.915+0000] {processor.py:914} INFO - Processing file /opt/airflow/dags/healthcare_claims_pipeline.py for tasks to queue
[2026-09-04T19:09:17.916+0000] {logging_mixin.py:190} INFO - [2026-09-04T19:09:17.916+0000] {dagbag.py:588} INFO - Filling up the DagBag from /opt/airflow/dags/healthcare_claims_pipeline.py
[2026-09-04T19:09:17.924+0000] {processor.py:925} INFO - DAG(s) 'healthcare_analytics' retrieved from /opt/airflow/dags/healthcare_claims_pipeline.py
[2026-09-04T19:09:17.940+0000] {logging_mixin.py:190} INFO - [2026-09-04T19:09:17.940+0000] {dag.py:3239} INFO - Sync 1 DAGs
[2026-09-04T19:09:17.946+0000] {logging_mixin.py:190} INFO - [2026-09-04T19:09:17.946+0000] {dag.py:4180} INFO - Setting next_dagrun for healthcare_analytics to None, run_after=None
[2026-09-04T19:09:17.953+0000] {processor.py:208} INFO - Processing /opt/airflow/dags/healthcare_claims_pipeline.py took 0.045 seconds
[2026-09-04T19:09:48.177+0000] {processor.py:186} INFO - Started process (PID=280) to work on /opt/airflow/dags/healthcare_claims_pipeline.py
[2026-09-04T19:09:48.178+0000] {processor.py:914} INFO - Processing file /opt/airflow/dags/healthcare_claims_pipeline.py for tasks to queue
[2026-09-04T19:09:48.179+0000] {logging_mixin.py:190} INFO - [2026-09-04T19:09:48.179+0000] {dagbag.py:588} INFO - Filling up the DagBag from /opt/airflow/dags/healthcare_claims_pipeline.py
[2026-09-04T19:09:48.186+0000] {processor.py:925} INFO - DAG(s) 'healthcare_analytics' retrieved from /opt/airflow/dags/healthcare_claims_pipeline.py
[2026-09-04T19:09:48.202+0000] {logging_mixin.py:190} INFO - [2026-09-04T19:09:48.202+0000] {dag.py:3239} INFO - Sync 1 DAGs
[2026-09-04T19:09:48.209+0000] {logging_mixin.py:190} INFO - [2026-09-04T19:09:48.209+0000] {dag.py:4180} INFO - Setting next_dagrun for healthcare_analytics to None, run_after=None
[2026-09-04T19:09:48.216+0000] {processor.py:208} INFO - Processing /opt/airflow/dags/healthcare_claims_pipeline.py took 0.043 seconds
[2026-09-04T19:10:18.409+0000] {processor.py:186} INFO - Started process (PID=285) to work on /opt/airflow/dags/healthcare_claims_pipeline.py
[2026-09-04T19:10:18.410+0000] {processor.py:914} INFO - Processing file /opt/airflow/dags/healthcare_claims_pipeline.py for tasks to queue
[2026-09-04T19:10:18.411+0000] {logging_mixin.py:190} INFO - [2026-09-04T19:10:18.411+0000] {dagbag.py:588} INFO - Filling up the DagBag from /opt/airflow/dags/healthcare_claims_pipeline.py
[2026-09-04T19:10:18.416+0000] {processor.py:925} INFO - DAG(s) 'healthcare_analytics' retrieved from /opt/airflow/dags/healthcare_claims_pipeline.py
[2026-09-04T19:10:18.431+0000] {logging_mixin.py:190} INFO - [2026-09-04T19:10:18.431+0000] {dag.py:3239} INFO - Sync 1 DAGs
[2026-09-04T19:10:18.437+0000] {logging_mixin.py:190} INFO - [2026-09-04T19:10:18.437+0000] {dag.py:4180} INFO - Setting next_dagrun for healthcare_analytics to None, run_after=None
[2026-09-04T19:10:18.445+0000] {processor.py:208} INFO - Processing /opt/airflow/dags/healthcare_claims_pipeline.py took 0.040 seconds
[2026-09-04T19:10:48.653+0000] {processor.py:186} INFO - Started process (PID=290) to work on /opt/airflow/dags/healthcare_claims_pipeline.py
[2026-09-04T19:10:48.654+0000] {processor.py:914} INFO - Processing file /opt/airflow/dags/healthcare_claims_pipeline.py for tasks to queue
[2026-09-04T19:10:48.655+0000] {logging_mixin.py:190} INFO - [2026-09-04T19:10:48.655+0000] {dagbag.py:588} INFO - Filling up the DagBag from /opt/airflow/dags/healthcare_claims_pipeline.py
[2026-09-04T19:10:48.661+0000] {processor.py:925} INFO - DAG(s) 'healthcare_analytics' retrieved from /opt/airflow/dags/healthcare_claims_pipeline.py
[2026-09-04T19:10:48.675+0000] {logging_mixin.py:190} INFO - [2026-09-04T19:10:48.675+0000] {dag.py:3239} INFO - Sync 1 DAGs
[2026-09-04T19:10:48.681+0000] {logging_mixin.py:190} INFO - [2026-09-04T19:10:48.681+0000] {dag.py:4180} INFO - Setting next_dagrun for healthcare_analytics to None, run_after=None
[2026-09-04T19:10:48.688+0000] {processor.py:208} INFO - Processing /opt/airflow/dags/healthcare_claims_pipeline.py took 0.038 seconds
[2026-09-04T19:11:18.918+0000] {processor.py:186} INFO - Started process (PID=295) to work on /opt/airflow/dags/healthcare_claims_pipeline.py
[2026-09-04T19:11:18.918+0000] {processor.py:914} INFO - Processing file /opt/airflow/dags/healthcare_claims_pipeline.py for tasks to queue
[2026-09-04T19:11:18.919+0000] {logging_mixin.py:190} INFO - [2026-09-04T19:11:18.919+0000] {dagbag.py:588} INFO - Filling up the DagBag from /opt/airflow/dags/healthcare_claims_pipeline.py
[2026-09-04T19:11:18.925+0000] {processor.py:925} INFO - DAG(s) 'healthcare_analytics' retrieved from /opt/airflow/dags/healthcare_claims_pipeline.py
[2026-09-04T19:11:18.940+0000] {logging_mixin.py:190} INFO - [2026-09-04T19:11:18.940+0000] {dag.py:3239} INFO - Sync 1 DAGs
[2026-09-04T19:11:18.947+0000] {logging_mixin.py:190} INFO - [2026-09-04T19:11:18.947+0000] {dag.py:4180} INFO - Setting next_dagrun for healthcare_analytics to None, run_after=None
[2026-09-04T19:11:18.954+0000] {processor.py:208} INFO - Processing /opt/airflow/dags/healthcare_claims_pipeline.py took 0.040 seconds
[2026-09-04T19:11:49.157+0000] {processor.py:186} INFO - Started process (PID=300) to work on /opt/airflow/dags/healthcare_claims_pipeline.py
[2026-09-04T19:11:49.158+0000] {processor.py:914} INFO - Processing file /opt/airflow/dags/healthcare_claims_pipeline.py for tasks to queue
[2026-09-04T19:11:49.159+0000] {logging_mixin.py:190} INFO - [2026-09-04T19:11:49.159+0000] {dagbag.py:588} INFO - Filling up the DagBag from /opt/airflow/dags/healthcare_claims_pipeline.py
[2026-09-04T19:11:49.166+0000] {processor.py:925} INFO - DAG(s) 'healthcare_analytics' retrieved from /opt/airflow/dags/healthcare_claims_pipeline.py
[2026-09-04T19:11:49.183+0000] {logging_mixin.py:190} INFO - [2026-09-04T19:11:49.183+0000] {dag.py:3239} INFO - Sync 1 DAGs
[2026-09-04T19:11:49.191+0000] {logging_mixin.py:190} INFO - [2026-09-04T19:11:49.191+0000] {dag.py:4180} INFO - Setting next_dagrun for healthcare_analytics to None, run_after=None
[2026-09-04T19:11:49.199+0000] {processor.py:208} INFO - Processing /opt/airflow/dags/healthcare_claims_pipeline.py took 0.047 seconds
[2026-09-04T19:12:19.474+0000] {processor.py:186} INFO - Started process (PID=305) to work on /opt/airflow/dags/healthcare_claims_pipeline.py
[2026-09-04T19:12:19.475+0000] {processor.py:914} INFO - Processing file /opt/airflow/dags/healthcare_claims_pipeline.py for tasks to queue
[2026-09-04T19:12:19.476+0000] {logging_mixin.py:190} INFO - [2026-09-04T19:12:19.476+0000] {dagbag.py:588} INFO - Filling up the DagBag from /opt/airflow/dags/healthcare_claims_pipeline.py
[2026-09-04T19:12:19.480+0000] {processor.py:925} INFO - DAG(s) 'healthcare_analytics' retrieved from /opt/airflow/dags/healthcare_claims_pipeline.py
[2026-09-04T19:12:19.493+0000] {logging_mixin.py:190} INFO - [2026-09-04T19:12:19.493+0000] {dag.py:3239} INFO - Sync 1 DAGs
[2026-09-04T19:12:19.499+0000] {logging_mixin.py:190} INFO - [2026-09-04T19:12:19.498+0000] {dag.py:4180} INFO - Setting next_dagrun for healthcare_analytics to None, run_after=None
[2026-09-04T19:12:19.504+0000] {processor.py:208} INFO - Processing /opt/airflow/dags/healthcare_claims_pipeline.py took 0.033 seconds
[2026-09-04T19:12:49.750+0000] {processor.py:186} INFO - Started process (PID=310) to work on /opt/airflow/dags/healthcare_claims_pipeline.py
[2026-09-04T19:12:49.750+0000] {processor.py:914} INFO - Processing file /opt/airflow/dags/healthcare_claims_pipeline.py for tasks to queue
[2026-09-04T19:12:49.751+0000] {logging_mixin.py:190} INFO - [2026-09-04T19:12:49.751+0000] {dagbag.py:588} INFO - Filling up the DagBag from /opt/airflow/dags/healthcare_claims_pipeline.py
[2026-09-04T19:12:49.756+0000] {processor.py:925} INFO - DAG(s) 'healthcare_analytics' retrieved from /opt/airflow/dags/healthcare_claims_pipeline.py
[2026-09-04T19:12:49.769+0000] {logging_mixin.py:190} INFO - [2026-09-04T19:12:49.769+0000] {dag.py:3239} INFO - Sync 1 DAGs
[2026-09-04T19:12:49.775+0000] {logging_mixin.py:190} INFO - [2026-09-04T19:12:49.775+0000] {dag.py:4180} INFO - Setting next_dagrun for healthcare_analytics to None, run_after=None
[2026-09-04T19:12:49.781+0000] {processor.py:208} INFO - Processing /opt/airflow/dags/healthcare_claims_pipeline.py took 0.035 seconds
[2026-09-04T19:13:20.014+0000] {processor.py:186} INFO - Started process (PID=315) to work on /opt/airflow/dags/healthcare_claims_pipeline.py
[2026-09-04T19:13:20.014+0000] {processor.py:914} INFO - Processing file /opt/airflow/dags/healthcare_claims_pipeline.py for tasks to queue
[2026-09-04T19:13:20.015+0000] {logging_mixin.py:190} INFO - [2026-09-04T19:13:20.015+0000] {dagbag.py:588} INFO - Filling up the DagBag from /opt/airflow/dags/healthcare_claims_pipeline.py
[2026-09-04T19:13:20.020+0000] {processor.py:925} INFO - DAG(s) 'healthcare_analytics' retrieved from /opt/airflow/dags/healthcare_claims_pipeline.py
[2026-09-04T19:13:20.032+0000] {logging_mixin.py:190} INFO - [2026-09-04T19:13:20.032+0000] {dag.py:3239} INFO - Sync 1 DAGs
[2026-09-04T19:13:20.037+0000] {logging_mixin.py:190} INFO - [2026-09-04T19:13:20.037+0000] {dag.py:4180} INFO - Setting next_dagrun for healthcare_analytics to None, run_after=None
[2026-09-04T19:13:20.044+0000] {processor.py:208} INFO - Processing /opt/airflow/dags/healthcare_claims_pipeline.py took 0.033 seconds
[2026-09-04T19:13:50.290+0000] {processor.py:186} INFO - Started process (PID=320) to work on /opt/airflow/dags/healthcare_claims_pipeline.py
[2026-09-04T19:13:50.290+0000] {processor.py:914} INFO - Processing file /opt/airflow/dags/healthcare_claims_pipeline.py for tasks to queue
[2026-09-04T19:13:50.291+0000] {logging_mixin.py:190} INFO - [2026-09-04T19:13:50.291+0000] {dagbag.py:588} INFO - Filling up the DagBag from /opt/airflow/dags/healthcare_claims_pipeline.py
[2026-09-04T19:13:50.295+0000] {processor.py:925} INFO - DAG(s) 'healthcare_analytics' retrieved from /opt/airflow/dags/healthcare_claims_pipeline.py
[2026-09-04T19:13:50.309+0000] {logging_mixin.py:190} INFO - [2026-09-04T19:13:50.309+0000] {dag.py:3239} INFO - Sync 1 DAGs
[2026-09-04T19:13:50.316+0000] {logging_mixin.py:190} INFO - [2026-09-04T19:13:50.316+0000] {dag.py:4180} INFO - Setting next_dagrun for healthcare_analytics to None, run_after=None
[2026-09-04T19:13:50.325+0000] {processor.py:208} INFO - Processing /opt/airflow/dags/healthcare_claims_pipeline.py took 0.038 seconds
[2026-09-04T19:14:20.543+0000] {processor.py:186} INFO - Started process (PID=325) to work on /opt/airflow/dags/healthcare_claims_pipeline.py
[2026-09-04T19:14:20.543+0000] {processor.py:914} INFO - Processing file /opt/airflow/dags/healthcare_claims_pipeline.py for tasks to queue
[2026-09-04T19:14:20.545+0000] {logging_mixin.py:190} INFO - [2026-09-04T19:14:20.545+0000] {dagbag.py:588} INFO - Filling up the DagBag from /opt/airflow/dags/healthcare_claims_pipeline.py
[2026-09-04T19:14:20.549+0000] {processor.py:925} INFO - DAG(s) 'healthcare_analytics' retrieved from /opt/airflow/dags/healthcare_claims_pipeline.py
[2026-09-04T19:14:20.564+0000] {logging_mixin.py:190} INFO - [2026-09-04T19:14:20.563+0000] {dag.py:3239} INFO - Sync 1 DAGs
[2026-09-04T19:14:20.570+0000] {logging_mixin.py:190} INFO - [2026-09-04T19:14:20.570+0000] {dag.py:4180} INFO - Setting next_dagrun for healthcare_analytics to None, run_after=None
[2026-09-04T19:14:20.578+0000] {processor.py:208} INFO - Processing /opt/airflow/dags/healthcare_claims_pipeline.py took 0.039 seconds
[2026-09-04T19:14:50.803+0000] {processor.py:186} INFO - Started process (PID=330) to work on /opt/airflow/dags/healthcare_claims_pipeline.py
[2026-09-04T19:14:50.804+0000] {processor.py:914} INFO - Processing file /opt/airflow/dags/healthcare_claims_pipeline.py for tasks to queue
[2026-09-04T19:14:50.805+0000] {logging_mixin.py:190} INFO - [2026-09-04T19:14:50.805+0000] {dagbag.py:588} INFO - Filling up the DagBag from /opt/airflow/dags/healthcare_claims_pipeline.py
[2026-09-04T19:14:50.810+0000] {processor.py:925} INFO - DAG(s) 'healthcare_analytics' retrieved from /opt/airflow/dags/healthcare_claims_pipeline.py
[2026-09-04T19:14:50.824+0000] {logging_mixin.py:190} INFO - [2026-09-04T19:14:50.824+0000] {dag.py:3239} INFO - Sync 1 DAGs
[2026-09-04T19:14:50.831+0000] {logging_mixin.py:190} INFO - [2026-09-04T19:14:50.831+0000] {dag.py:4180} INFO - Setting next_dagrun for healthcare_analytics to None, run_after=None
[2026-09-04T19:14:50.839+0000] {processor.py:208} INFO - Processing /opt/airflow/dags/healthcare_claims_pipeline.py took 0.039 seconds
[2026-09-04T19:15:20.962+0000] {processor.py:186} INFO - Started process (PID=403) to work on /opt/airflow/dags/healthcare_claims_pipeline.py
[2026-09-04T19:15:20.962+0000] {processor.py:914} INFO - Processing file /opt/airflow/dags/healthcare_claims_pipeline.py for tasks to queue
[2026-09-04T19:15:20.964+0000] {logging_mixin.py:190} INFO - [2026-09-04T19:15:20.964+0000] {dagbag.py:588} INFO - Filling up the DagBag from /opt/airflow/dags/healthcare_claims_pipeline.py
[2026-09-04T19:15:20.969+0000] {processor.py:925} INFO - DAG(s) 'healthcare_analytics' retrieved from /opt/airflow/dags/healthcare_claims_pipeline.py
[2026-09-04T19:15:20.984+0000] {logging_mixin.py:190} INFO - [2026-09-04T19:15:20.984+0000] {dag.py:3239} INFO - Sync 1 DAGs
[2026-09-04T19:15:20.990+0000] {logging_mixin.py:190} INFO - [2026-09-04T19:15:20.990+0000] {dag.py:4180} INFO - Setting next_dagrun for healthcare_analytics to None, run_after=None
[2026-09-04T19:15:20.997+0000] {processor.py:208} INFO - Processing /opt/airflow/dags/healthcare_claims_pipeline.py took 0.039 seconds
[2026-09-04T19:15:51.147+0000] {processor.py:186} INFO - Started process (PID=408) to work on /opt/airflow/dags/healthcare_claims_pipeline.py
[2026-09-04T19:15:51.148+0000] {processor.py:914} INFO - Processing file /opt/airflow/dags/healthcare_claims_pipeline.py for tasks to queue
[2026-09-04T19:15:51.149+0000] {logging_mixin.py:190} INFO - [2026-09-04T19:15:51.149+0000] {dagbag.py:588} INFO - Filling up the DagBag from /opt/airflow/dags/healthcare_claims_pipeline.py
[2026-09-04T19:15:51.156+0000] {processor.py:925} INFO - DAG(s) 'healthcare_analytics' retrieved from /opt/airflow/dags/healthcare_claims_pipeline.py
[2026-09-04T19:15:51.170+0000] {logging_mixin.py:190} INFO - [2026-09-04T19:15:51.170+0000] {dag.py:3239} INFO - Sync 1 DAGs
[2026-09-04T19:15:51.177+0000] {logging_mixin.py:190} INFO - [2026-09-04T19:15:51.176+0000] {dag.py:4180} INFO - Setting next_dagrun for healthcare_analytics to None, run_after=None
[2026-09-04T19:15:51.184+0000] {processor.py:208} INFO - Processing /opt/airflow/dags/healthcare_claims_pipeline.py took 0.041 seconds
[2026-09-04T19:16:21.309+0000] {processor.py:186} INFO - Started process (PID=413) to work on /opt/airflow/dags/healthcare_claims_pipeline.py
[2026-09-04T19:16:21.309+0000] {processor.py:914} INFO - Processing file /opt/airflow/dags/healthcare_claims_pipeline.py for tasks to queue
[2026-09-04T19:16:21.310+0000] {logging_mixin.py:190} INFO - [2026-09-04T19:16:21.310+0000] {dagbag.py:588} INFO - Filling up the DagBag from /opt/airflow/dags/healthcare_claims_pipeline.py
[2026-09-04T19:16:21.316+0000] {processor.py:925} INFO - DAG(s) 'healthcare_analytics' retrieved from /opt/airflow/dags/healthcare_claims_pipeline.py
[2026-09-04T19:16:21.332+0000] {logging_mixin.py:190} INFO - [2026-09-04T19:16:21.332+0000] {dag.py:3239} INFO - Sync 1 DAGs
[2026-09-04T19:16:21.339+0000] {logging_mixin.py:190} INFO - [2026-09-04T19:16:21.339+0000] {dag.py:4180} INFO - Setting next_dagrun for healthcare_analytics to None, run_after=None
[2026-09-04T19:16:21.348+0000] {processor.py:208} INFO - Processing /opt/airflow/dags/healthcare_claims_pipeline.py took 0.042 seconds
[2026-09-04T19:16:51.449+0000] {processor.py:186} INFO - Started process (PID=418) to work on /opt/airflow/dags/healthcare_claims_pipeline.py
[2026-09-04T19:16:51.450+0000] {processor.py:914} INFO - Processing file /opt/airflow/dags/healthcare_claims_pipeline.py for tasks to queue
[2026-09-04T19:16:51.451+0000] {logging_mixin.py:190} INFO - [2026-09-04T19:16:51.451+0000] {dagbag.py:588} INFO - Filling up the DagBag from /opt/airflow/dags/healthcare_claims_pipeline.py
[2026-09-04T19:16:51.457+0000] {processor.py:925} INFO - DAG(s) 'healthcare_analytics' retrieved from /opt/airflow/dags/healthcare_claims_pipeline.py
[2026-09-04T19:16:51.473+0000] {logging_mixin.py:190} INFO - [2026-09-04T19:16:51.473+0000] {dag.py:3239} INFO - Sync 1 DAGs
[2026-09-04T19:16:51.480+0000] {logging_mixin.py:190} INFO - [2026-09-04T19:16:51.480+0000] {dag.py:4180} INFO - Setting next_dagrun for healthcare_analytics to None, run_after=None
[2026-09-04T19:16:51.488+0000] {processor.py:208} INFO - Processing /opt/airflow/dags/healthcare_claims_pipeline.py took 0.042 seconds
[2026-09-04T19:17:21.608+0000] {processor.py:186} INFO - Started process (PID=424) to work on /opt/airflow/dags/healthcare_claims_pipeline.py
[2026-09-04T19:17:21.608+0000] {processor.py:914} INFO - Processing file /opt/airflow/dags/healthcare_claims_pipeline.py for tasks to queue
[2026-09-04T19:17:21.613+0000] {logging_mixin.py:190} INFO - [2026-09-04T19:17:21.612+0000] {dagbag.py:588} INFO - Filling up the DagBag from /opt/airflow/dags/healthcare_claims_pipeline.py
[2026-09-04T19:17:21.646+0000] {processor.py:925} INFO - DAG(s) 'healthcare_analytics' retrieved from /opt/airflow/dags/healthcare_claims_pipeline.py
[2026-09-04T19:17:21.705+0000] {logging_mixin.py:190} INFO - [2026-09-04T19:17:21.705+0000] {dag.py:3239} INFO - Sync 1 DAGs
[2026-09-04T19:17:21.739+0000] {logging_mixin.py:190} INFO - [2026-09-04T19:17:21.739+0000] {dag.py:4180} INFO - Setting next_dagrun for healthcare_analytics to None, run_after=None
[2026-09-04T19:17:21.764+0000] {processor.py:208} INFO - Processing /opt/airflow/dags/healthcare_claims_pipeline.py took 0.163 seconds
[2026-09-04T19:17:51.825+0000] {processor.py:186} INFO - Started process (PID=610) to work on /opt/airflow/dags/healthcare_claims_pipeline.py
[2026-09-04T19:17:51.826+0000] {processor.py:914} INFO - Processing file /opt/airflow/dags/healthcare_claims_pipeline.py for tasks to queue
[2026-09-04T19:17:51.828+0000] {logging_mixin.py:190} INFO - [2026-09-04T19:17:51.828+0000] {dagbag.py:588} INFO - Filling up the DagBag from /opt/airflow/dags/healthcare_claims_pipeline.py
[2026-09-04T19:17:51.835+0000] {processor.py:925} INFO - DAG(s) 'healthcare_analytics' retrieved from /opt/airflow/dags/healthcare_claims_pipeline.py
[2026-09-04T19:17:51.854+0000] {logging_mixin.py:190} INFO - [2026-09-04T19:17:51.854+0000] {dag.py:3239} INFO - Sync 1 DAGs
[2026-09-04T19:17:51.860+0000] {logging_mixin.py:190} INFO - [2026-09-04T19:17:51.860+0000] {dag.py:4180} INFO - Setting next_dagrun for healthcare_analytics to None, run_after=None
[2026-09-04T19:17:51.867+0000] {processor.py:208} INFO - Processing /opt/airflow/dags/healthcare_claims_pipeline.py took 0.047 seconds
[2026-09-04T19:18:22.083+0000] {processor.py:186} INFO - Started process (PID=615) to work on /opt/airflow/dags/healthcare_claims_pipeline.py
[2026-09-04T19:18:22.084+0000] {processor.py:914} INFO - Processing file /opt/airflow/dags/healthcare_claims_pipeline.py for tasks to queue
[2026-09-04T19:18:22.086+0000] {logging_mixin.py:190} INFO - [2026-09-04T19:18:22.086+0000] {dagbag.py:588} INFO - Filling up the DagBag from /opt/airflow/dags/healthcare_claims_pipeline.py
[2026-09-04T19:18:22.094+0000] {processor.py:925} INFO - DAG(s) 'healthcare_analytics' retrieved from /opt/airflow/dags/healthcare_claims_pipeline.py
[2026-09-04T19:18:22.113+0000] {logging_mixin.py:190} INFO - [2026-09-04T19:18:22.112+0000] {dag.py:3239} INFO - Sync 1 DAGs
[2026-09-04T19:18:22.121+0000] {logging_mixin.py:190} INFO - [2026-09-04T19:18:22.121+0000] {dag.py:4180} INFO - Setting next_dagrun for healthcare_analytics to None, run_after=None
[2026-09-04T19:18:22.131+0000] {processor.py:208} INFO - Processing /opt/airflow/dags/healthcare_claims_pipeline.py took 0.053 seconds
[2026-09-04T19:18:52.347+0000] {processor.py:186} INFO - Started process (PID=620) to work on /opt/airflow/dags/healthcare_claims_pipeline.py
[2026-09-04T19:18:52.348+0000] {processor.py:914} INFO - Processing file /opt/airflow/dags/healthcare_claims_pipeline.py for tasks to queue
[2026-09-04T19:18:52.351+0000] {logging_mixin.py:190} INFO - [2026-09-04T19:18:52.351+0000] {dagbag.py:588} INFO - Filling up the DagBag from /opt/airflow/dags/healthcare_claims_pipeline.py
[2026-09-04T19:18:52.358+0000] {processor.py:925} INFO - DAG(s) 'healthcare_analytics' retrieved from /opt/airflow/dags/healthcare_claims_pipeline.py
[2026-09-04T19:18:52.376+0000] {logging_mixin.py:190} INFO - [2026-09-04T19:18:52.376+0000] {dag.py:3239} INFO - Sync 1 DAGs
[2026-09-04T19:18:52.384+0000] {logging_mixin.py:190} INFO - [2026-09-04T19:18:52.384+0000] {dag.py:4180} INFO - Setting next_dagrun for healthcare_analytics to None, run_after=None
[2026-09-04T19:18:52.391+0000] {processor.py:208} INFO - Processing /opt/airflow/dags/healthcare_claims_pipeline.py took 0.051 seconds
[2026-09-04T19:19:22.582+0000] {processor.py:186} INFO - Started process (PID=625) to work on /opt/airflow/dags/healthcare_claims_pipeline.py
[2026-09-04T19:19:22.583+0000] {processor.py:914} INFO - Processing file /opt/airflow/dags/healthcare_claims_pipeline.py for tasks to queue
[2026-09-04T19:19:22.586+0000] {logging_mixin.py:190} INFO - [2026-09-04T19:19:22.585+0000] {dagbag.py:588} INFO - Filling up the DagBag from /opt/airflow/dags/healthcare_claims_pipeline.py
[2026-09-04T19:19:22.593+0000] {processor.py:925} INFO - DAG(s) 'healthcare_analytics' retrieved from /opt/airflow/dags/healthcare_claims_pipeline.py
[2026-09-04T19:19:22.610+0000] {logging_mixin.py:190} INFO - [2026-09-04T19:19:22.610+0000] {dag.py:3239} INFO - Sync 1 DAGs
[2026-09-04T19:19:22.619+0000] {logging_mixin.py:190} INFO - [2026-09-04T19:19:22.619+0000] {dag.py:4180} INFO - Setting next_dagrun for healthcare_analytics to None, run_after=None
[2026-09-04T19:19:22.627+0000] {processor.py:208} INFO - Processing /opt/airflow/dags/healthcare_claims_pipeline.py took 0.050 seconds
[2026-09-04T19:19:52.798+0000] {processor.py:186} INFO - Started process (PID=630) to work on /opt/airflow/dags/healthcare_claims_pipeline.py
[2026-09-04T19:19:52.799+0000] {processor.py:914} INFO - Processing file /opt/airflow/dags/healthcare_claims_pipeline.py for tasks to queue
[2026-09-04T19:19:52.800+0000] {logging_mixin.py:190} INFO - [2026-09-04T19:19:52.800+0000] {dagbag.py:588} INFO - Filling up the DagBag from /opt/airflow/dags/healthcare_claims_pipeline.py
[2026-09-04T19:19:52.805+0000] {processor.py:925} INFO - DAG(s) 'healthcare_analytics' retrieved from /opt/airflow/dags/healthcare_claims_pipeline.py
[2026-09-04T19:19:52.820+0000] {logging_mixin.py:190} INFO - [2026-09-04T19:19:52.820+0000] {dag.py:3239} INFO - Sync 1 DAGs
[2026-09-04T19:19:52.827+0000] {logging_mixin.py:190} INFO - [2026-09-04T19:19:52.827+0000] {dag.py:4180} INFO - Setting next_dagrun for healthcare_analytics to None, run_after=None
[2026-09-04T19:19:52.834+0000] {processor.py:208} INFO - Processing /opt/airflow/dags/healthcare_claims_pipeline.py took 0.041 seconds
[2026-09-04T19:20:23.061+0000] {processor.py:186} INFO - Started process (PID=635) to work on /opt/airflow/dags/healthcare_claims_pipeline.py
[2026-09-04T19:20:23.061+0000] {processor.py:914} INFO - Processing file /opt/airflow/dags/healthcare_claims_pipeline.py for tasks to queue
[2026-09-04T19:20:23.063+0000] {logging_mixin.py:190} INFO - [2026-09-04T19:20:23.062+0000] {dagbag.py:588} INFO - Filling up the DagBag from /opt/airflow/dags/healthcare_claims_pipeline.py
[2026-09-04T19:20:23.068+0000] {processor.py:925} INFO - DAG(s) 'healthcare_analytics' retrieved from /opt/airflow/dags/healthcare_claims_pipeline.py
[2026-09-04T19:20:23.084+0000] {logging_mixin.py:190} INFO - [2026-09-04T19:20:23.084+0000] {dag.py:3239} INFO - Sync 1 DAGs
[2026-09-04T19:20:23.092+0000] {logging_mixin.py:190} INFO - [2026-09-04T19:20:23.092+0000] {dag.py:4180} INFO - Setting next_dagrun for healthcare_analytics to None, run_after=None
[2026-09-04T19:20:23.100+0000] {processor.py:208} INFO - Processing /opt/airflow/dags/healthcare_claims_pipeline.py took 0.043 seconds
[2026-09-04T19:20:53.291+0000] {processor.py:186} INFO - Started process (PID=640) to work on /opt/airflow/dags/healthcare_claims_pipeline.py
[2026-09-04T19:20:53.292+0000] {processor.py:914} INFO - Processing file /opt/airflow/dags/healthcare_claims_pipeline.py for tasks to queue
[2026-09-04T19:20:53.294+0000] {logging_mixin.py:190} INFO - [2026-09-04T19:20:53.294+0000] {dagbag.py:588} INFO - Filling up the DagBag from /opt/airflow/dags/healthcare_claims_pipeline.py
[2026-09-04T19:20:53.303+0000] {processor.py:925} INFO - DAG(s) 'healthcare_analytics' retrieved from /opt/airflow/dags/healthcare_claims_pipeline.py
[2026-09-04T19:20:53.318+0000] {logging_mixin.py:190} INFO - [2026-09-04T19:20:53.317+0000] {dag.py:3239} INFO - Sync 1 DAGs
[2026-09-04T19:20:53.324+0000] {logging_mixin.py:190} INFO - [2026-09-04T19:20:53.324+0000] {dag.py:4180} INFO - Setting next_dagrun for healthcare_analytics to None, run_after=None
[2026-09-04T19:20:53.331+0000] {processor.py:208} INFO - Processing /opt/airflow/dags/healthcare_claims_pipeline.py took 0.044 seconds
[2026-09-04T19:21:23.521+0000] {processor.py:186} INFO - Started process (PID=645) to work on /opt/airflow/dags/healthcare_claims_pipeline.py
[2026-09-04T19:21:23.522+0000] {processor.py:914} INFO - Processing file /opt/airflow/dags/healthcare_claims_pipeline.py for tasks to queue
[2026-09-04T19:21:23.523+0000] {logging_mixin.py:190} INFO - [2026-09-04T19:21:23.523+0000] {dagbag.py:588} INFO - Filling up the DagBag from /opt/airflow/dags/healthcare_claims_pipeline.py
[2026-09-04T19:21:23.529+0000] {processor.py:925} INFO - DAG(s) 'healthcare_analytics' retrieved from /opt/airflow/dags/healthcare_claims_pipeline.py
[2026-09-04T19:21:23.544+0000] {logging_mixin.py:190} INFO - [2026-09-04T19:21:23.544+0000] {dag.py:3239} INFO - Sync 1 DAGs
[2026-09-04T19:21:23.551+0000] {logging_mixin.py:190} INFO - [2026-09-04T19:21:23.551+0000] {dag.py:4180} INFO - Setting next_dagrun for healthcare_analytics to None, run_after=None
[2026-09-04T19:21:23.558+0000] {processor.py:208} INFO - Processing /opt/airflow/dags/healthcare_claims_pipeline.py took 0.042 seconds
[2026-09-04T19:21:53.749+0000] {processor.py:186} INFO - Started process (PID=650) to work on /opt/airflow/dags/healthcare_claims_pipeline.py
[2026-09-04T19:21:53.750+0000] {processor.py:914} INFO - Processing file /opt/airflow/dags/healthcare_claims_pipeline.py for tasks to queue
[2026-09-04T19:21:53.751+0000] {logging_mixin.py:190} INFO - [2026-09-04T19:21:53.751+0000] {dagbag.py:588} INFO - Filling up the DagBag from /opt/airflow/dags/healthcare_claims_pipeline.py
[2026-09-04T19:21:53.756+0000] {processor.py:925} INFO - DAG(s) 'healthcare_analytics' retrieved from /opt/airflow/dags/healthcare_claims_pipeline.py
[2026-09-04T19:21:53.773+0000] {logging_mixin.py:190} INFO - [2026-09-04T19:21:53.773+0000] {dag.py:3239} INFO - Sync 1 DAGs
[2026-09-04T19:21:53.780+0000] {logging_mixin.py:190} INFO - [2026-09-04T19:21:53.780+0000] {dag.py:4180} INFO - Setting next_dagrun for healthcare_analytics to None, run_after=None
[2026-09-04T19:21:53.787+0000] {processor.py:208} INFO - Processing /opt/airflow/dags/healthcare_claims_pipeline.py took 0.041 seconds
[2026-09-04T19:22:24.004+0000] {processor.py:186} INFO - Started process (PID=655) to work on /opt/airflow/dags/healthcare_claims_pipeline.py
[2026-09-04T19:22:24.004+0000] {processor.py:914} INFO - Processing file /opt/airflow/dags/healthcare_claims_pipeline.py for tasks to queue
[2026-09-04T19:22:24.005+0000] {logging_mixin.py:190} INFO - [2026-09-04T19:22:24.005+0000] {dagbag.py:588} INFO - Filling up the DagBag from /opt/airflow/dags/healthcare_claims_pipeline.py
[2026-09-04T19:22:24.009+0000] {processor.py:925} INFO - DAG(s) 'healthcare_analytics' retrieved from /opt/airflow/dags/healthcare_claims_pipeline.py
[2026-09-04T19:22:24.020+0000] {logging_mixin.py:190} INFO - [2026-09-04T19:22:24.020+0000] {dag.py:3239} INFO - Sync 1 DAGs
[2026-09-04T19:22:24.026+0000] {logging_mixin.py:190} INFO - [2026-09-04T19:22:24.026+0000] {dag.py:4180} INFO - Setting next_dagrun for healthcare_analytics to None, run_after=None
[2026-09-04T19:22:24.032+0000] {processor.py:208} INFO - Processing /opt/airflow/dags/healthcare_claims_pipeline.py took 0.031 seconds
[2026-09-04T19:22:54.245+0000] {processor.py:186} INFO - Started process (PID=660) to work on /opt/airflow/dags/healthcare_claims_pipeline.py
[2026-09-04T19:22:54.245+0000] {processor.py:914} INFO - Processing file /opt/airflow/dags/healthcare_claims_pipeline.py for tasks to queue
[2026-09-04T19:22:54.247+0000] {logging_mixin.py:190} INFO - [2026-09-04T19:22:54.247+0000] {dagbag.py:588} INFO - Filling up the DagBag from /opt/airflow/dags/healthcare_claims_pipeline.py
[2026-09-04T19:22:54.254+0000] {processor.py:925} INFO - DAG(s) 'healthcare_analytics' retrieved from /opt/airflow/dags/healthcare_claims_pipeline.py
[2026-09-04T19:22:54.270+0000] {logging_mixin.py:190} INFO - [2026-09-04T19:22:54.270+0000] {dag.py:3239} INFO - Sync 1 DAGs
[2026-09-04T19:22:54.276+0000] {logging_mixin.py:190} INFO - [2026-09-04T19:22:54.276+0000] {dag.py:4180} INFO - Setting next_dagrun for healthcare_analytics to None, run_after=None
[2026-09-04T19:22:54.283+0000] {processor.py:208} INFO - Processing /opt/airflow/dags/healthcare_claims_pipeline.py took 0.044 seconds
[2026-09-04T19:23:24.474+0000] {processor.py:186} INFO - Started process (PID=665) to work on /opt/airflow/dags/healthcare_claims_pipeline.py
[2026-09-04T19:23:24.474+0000] {processor.py:914} INFO - Processing file /opt/airflow/dags/healthcare_claims_pipeline.py for tasks to queue
[2026-09-04T19:23:24.476+0000] {logging_mixin.py:190} INFO - [2026-09-04T19:23:24.475+0000] {dagbag.py:588} INFO - Filling up the DagBag from /opt/airflow/dags/healthcare_claims_pipeline.py
[2026-09-04T19:23:24.481+0000] {processor.py:925} INFO - DAG(s) 'healthcare_analytics' retrieved from /opt/airflow/dags/healthcare_claims_pipeline.py
[2026-09-04T19:23:24.494+0000] {logging_mixin.py:190} INFO - [2026-09-04T19:23:24.494+0000] {dag.py:3239} INFO - Sync 1 DAGs
[2026-09-04T19:23:24.500+0000] {logging_mixin.py:190} INFO - [2026-09-04T19:23:24.500+0000] {dag.py:4180} INFO - Setting next_dagrun for healthcare_analytics to None, run_after=None
[2026-09-04T19:23:24.514+0000] {processor.py:208} INFO - Processing /opt/airflow/dags/healthcare_claims_pipeline.py took 0.043 seconds
[2026-09-04T19:23:54.713+0000] {processor.py:186} INFO - Started process (PID=670) to work on /opt/airflow/dags/healthcare_claims_pipeline.py
[2026-09-04T19:23:54.714+0000] {processor.py:914} INFO - Processing file /opt/airflow/dags/healthcare_claims_pipeline.py for tasks to queue
[2026-09-04T19:23:54.715+0000] {logging_mixin.py:190} INFO - [2026-09-04T19:23:54.715+0000] {dagbag.py:588} INFO - Filling up the DagBag from /opt/airflow/dags/healthcare_claims_pipeline.py
[2026-09-04T19:23:54.720+0000] {processor.py:925} INFO - DAG(s) 'healthcare_analytics' retrieved from /opt/airflow/dags/healthcare_claims_pipeline.py
[2026-09-04T19:23:54.735+0000] {logging_mixin.py:190} INFO - [2026-09-04T19:23:54.735+0000] {dag.py:3239} INFO - Sync 1 DAGs
[2026-09-04T19:23:54.741+0000] {logging_mixin.py:190} INFO - [2026-09-04T19:23:54.741+0000] {dag.py:4180} INFO - Setting next_dagrun for healthcare_analytics to None, run_after=None
[2026-09-04T19:23:54.748+0000] {processor.py:208} INFO - Processing /opt/airflow/dags/healthcare_claims_pipeline.py took 0.040 seconds
[2026-09-04T19:24:24.938+0000] {processor.py:186} INFO - Started process (PID=675) to work on /opt/airflow/dags/healthcare_claims_pipeline.py
[2026-09-04T19:24:24.938+0000] {processor.py:914} INFO - Processing file /opt/airflow/dags/healthcare_claims_pipeline.py for tasks to queue
[2026-09-04T19:24:24.940+0000] {logging_mixin.py:190} INFO - [2026-09-04T19:24:24.940+0000] {dagbag.py:588} INFO - Filling up the DagBag from /opt/airflow/dags/healthcare_claims_pipeline.py
[2026-09-04T19:24:24.946+0000] {processor.py:925} INFO - DAG(s) 'healthcare_analytics' retrieved from /opt/airflow/dags/healthcare_claims_pipeline.py
[2026-09-04T19:24:24.961+0000] {logging_mixin.py:190} INFO - [2026-09-04T19:24:24.961+0000] {dag.py:3239} INFO - Sync 1 DAGs
[2026-09-04T19:24:24.968+0000] {logging_mixin.py:190} INFO - [2026-09-04T19:24:24.967+0000] {dag.py:4180} INFO - Setting next_dagrun for healthcare_analytics to None, run_after=None
[2026-09-04T19:24:24.975+0000] {processor.py:208} INFO - Processing /opt/airflow/dags/healthcare_claims_pipeline.py took 0.041 seconds
[2026-09-04T19:24:55.111+0000] {processor.py:186} INFO - Started process (PID=680) to work on /opt/airflow/dags/healthcare_claims_pipeline.py
[2026-09-04T19:24:55.112+0000] {processor.py:914} INFO - Processing file /opt/airflow/dags/healthcare_claims_pipeline.py for tasks to queue
[2026-09-04T19:24:55.113+0000] {logging_mixin.py:190} INFO - [2026-09-04T19:24:55.113+0000] {dagbag.py:588} INFO - Filling up the DagBag from /opt/airflow/dags/healthcare_claims_pipeline.py
[2026-09-04T19:24:55.120+0000] {processor.py:925} INFO - DAG(s) 'healthcare_analytics' retrieved from /opt/airflow/dags/healthcare_claims_pipeline.py
[2026-09-04T19:24:55.136+0000] {logging_mixin.py:190} INFO - [2026-09-04T19:24:55.136+0000] {dag.py:3239} INFO - Sync 1 DAGs
[2026-09-04T19:24:55.143+0000] {logging_mixin.py:190} INFO - [2026-09-04T19:24:55.142+0000] {dag.py:4180} INFO - Setting next_dagrun for healthcare_analytics to None, run_after=None
[2026-09-04T19:24:55.150+0000] {processor.py:208} INFO - Processing /opt/airflow/dags/healthcare_claims_pipeline.py took 0.043 seconds
[2026-09-04T19:25:25.338+0000] {processor.py:186} INFO - Started process (PID=685) to work on /opt/airflow/dags/healthcare_claims_pipeline.py
[2026-09-04T19:25:25.339+0000] {processor.py:914} INFO - Processing file /opt/airflow/dags/healthcare_claims_pipeline.py for tasks to queue
[2026-09-04T19:25:25.340+0000] {logging_mixin.py:190} INFO - [2026-09-04T19:25:25.340+0000] {dagbag.py:588} INFO - Filling up the DagBag from /opt/airflow/dags/healthcare_claims_pipeline.py
[2026-09-04T19:25:25.344+0000] {processor.py:925} INFO - DAG(s) 'healthcare_analytics' retrieved from /opt/airflow/dags/healthcare_claims_pipeline.py
[2026-09-04T19:25:25.359+0000] {logging_mixin.py:190} INFO - [2026-09-04T19:25:25.359+0000] {dag.py:3239} INFO - Sync 1 DAGs
[2026-09-04T19:25:25.366+0000] {logging_mixin.py:190} INFO - [2026-09-04T19:25:25.366+0000] {dag.py:4180} INFO - Setting next_dagrun for healthcare_analytics to None, run_after=None
[2026-09-04T19:25:25.375+0000] {processor.py:208} INFO - Processing /opt/airflow/dags/healthcare_claims_pipeline.py took 0.040 seconds
[2026-09-04T19:25:55.577+0000] {processor.py:186} INFO - Started process (PID=690) to work on /opt/airflow/dags/healthcare_claims_pipeline.py
[2026-09-04T19:25:55.578+0000] {processor.py:914} INFO - Processing file /opt/airflow/dags/healthcare_claims_pipeline.py for tasks to queue
[2026-09-04T19:25:55.579+0000] {logging_mixin.py:190} INFO - [2026-09-04T19:25:55.579+0000] {dagbag.py:588} INFO - Filling up the DagBag from /opt/airflow/dags/healthcare_claims_pipeline.py
[2026-09-04T19:25:55.583+0000] {processor.py:925} INFO - DAG(s) 'healthcare_analytics' retrieved from /opt/airflow/dags/healthcare_claims_pipeline.py
[2026-09-04T19:25:55.595+0000] {logging_mixin.py:190} INFO - [2026-09-04T19:25:55.595+0000] {dag.py:3239} INFO - Sync 1 DAGs
[2026-09-04T19:25:55.601+0000] {logging_mixin.py:190} INFO - [2026-09-04T19:25:55.601+0000] {dag.py:4180} INFO - Setting next_dagrun for healthcare_analytics to None, run_after=None
[2026-09-04T19:25:55.608+0000] {processor.py:208} INFO - Processing /opt/airflow/dags/healthcare_claims_pipeline.py took 0.033 seconds
[2026-09-04T19:26:25.914+0000] {processor.py:186} INFO - Started process (PID=695) to work on /opt/airflow/dags/healthcare_claims_pipeline.py
[2026-09-04T19:26:25.914+0000] {processor.py:914} INFO - Processing file /opt/airflow/dags/healthcare_claims_pipeline.py for tasks to queue
[2026-09-04T19:26:25.916+0000] {logging_mixin.py:190} INFO - [2026-09-04T19:26:25.916+0000] {dagbag.py:588} INFO - Filling up the DagBag from /opt/airflow/dags/healthcare_claims_pipeline.py
[2026-09-04T19:26:25.924+0000] {processor.py:925} INFO - DAG(s) 'healthcare_analytics' retrieved from /opt/airflow/dags/healthcare_claims_pipeline.py
[2026-09-04T19:26:25.941+0000] {logging_mixin.py:190} INFO - [2026-09-04T19:26:25.941+0000] {dag.py:3239} INFO - Sync 1 DAGs
[2026-09-04T19:26:25.947+0000] {logging_mixin.py:190} INFO - [2026-09-04T19:26:25.947+0000] {dag.py:4180} INFO - Setting next_dagrun for healthcare_analytics to None, run_after=None
[2026-09-04T19:26:25.954+0000] {processor.py:208} INFO - Processing /opt/airflow/dags/healthcare_claims_pipeline.py took 0.046 seconds
[2026-09-04T19:26:56.169+0000] {processor.py:186} INFO - Started process (PID=700) to work on /opt/airflow/dags/healthcare_claims_pipeline.py
[2026-09-04T19:26:56.170+0000] {processor.py:914} INFO - Processing file /opt/airflow/dags/healthcare_claims_pipeline.py for tasks to queue
[2026-09-04T19:26:56.172+0000] {logging_mixin.py:190} INFO - [2026-09-04T19:26:56.172+0000] {dagbag.py:588} INFO - Filling up the DagBag from /opt/airflow/dags/healthcare_claims_pipeline.py
[2026-09-04T19:26:56.178+0000] {processor.py:925} INFO - DAG(s) 'healthcare_analytics' retrieved from /opt/airflow/dags/healthcare_claims_pipeline.py
[2026-09-04T19:26:56.196+0000] {logging_mixin.py:190} INFO - [2026-09-04T19:26:56.196+0000] {dag.py:3239} INFO - Sync 1 DAGs
[2026-09-04T19:26:56.203+0000] {logging_mixin.py:190} INFO - [2026-09-04T19:26:56.203+0000] {dag.py:4180} INFO - Setting next_dagrun for healthcare_analytics to None, run_after=None
[2026-09-04T19:26:56.212+0000] {processor.py:208} INFO - Processing /opt/airflow/dags/healthcare_claims_pipeline.py took 0.047 seconds
[2026-09-04T19:27:26.405+0000] {processor.py:186} INFO - Started process (PID=705) to work on /opt/airflow/dags/healthcare_claims_pipeline.py
[2026-09-04T19:27:26.405+0000] {processor.py:914} INFO - Processing file /opt/airflow/dags/healthcare_claims_pipeline.py for tasks to queue
[2026-09-04T19:27:26.406+0000] {logging_mixin.py:190} INFO - [2026-09-04T19:27:26.406+0000] {dagbag.py:588} INFO - Filling up the DagBag from /opt/airflow/dags/healthcare_claims_pipeline.py
[2026-09-04T19:27:26.410+0000] {processor.py:925} INFO - DAG(s) 'healthcare_analytics' retrieved from /opt/airflow/dags/healthcare_claims_pipeline.py
[2026-09-04T19:27:26.424+0000] {logging_mixin.py:190} INFO - [2026-09-04T19:27:26.424+0000] {dag.py:3239} INFO - Sync 1 DAGs
[2026-09-04T19:27:26.429+0000] {logging_mixin.py:190} INFO - [2026-09-04T19:27:26.429+0000] {dag.py:4180} INFO - Setting next_dagrun for healthcare_analytics to None, run_after=None
[2026-09-04T19:27:26.436+0000] {processor.py:208} INFO - Processing /opt/airflow/dags/healthcare_claims_pipeline.py took 0.034 seconds
[2026-09-04T19:27:56.639+0000] {processor.py:186} INFO - Started process (PID=710) to work on /opt/airflow/dags/healthcare_claims_pipeline.py
[2026-09-04T19:27:56.640+0000] {processor.py:914} INFO - Processing file /opt/airflow/dags/healthcare_claims_pipeline.py for tasks to queue
[2026-09-04T19:27:56.641+0000] {logging_mixin.py:190} INFO - [2026-09-04T19:27:56.641+0000] {dagbag.py:588} INFO - Filling up the DagBag from /opt/airflow/dags/healthcare_claims_pipeline.py
[2026-09-04T19:27:56.646+0000] {processor.py:925} INFO - DAG(s) 'healthcare_analytics' retrieved from /opt/airflow/dags/healthcare_claims_pipeline.py
[2026-09-04T19:27:56.661+0000] {logging_mixin.py:190} INFO - [2026-09-04T19:27:56.661+0000] {dag.py:3239} INFO - Sync 1 DAGs
[2026-09-04T19:27:56.667+0000] {logging_mixin.py:190} INFO - [2026-09-04T19:27:56.667+0000] {dag.py:4180} INFO - Setting next_dagrun for healthcare_analytics to None, run_after=None
[2026-09-04T19:27:56.675+0000] {processor.py:208} INFO - Processing /opt/airflow/dags/healthcare_claims_pipeline.py took 0.039 seconds
[2026-09-04T19:28:26.831+0000] {processor.py:186} INFO - Started process (PID=715) to work on /opt/airflow/dags/healthcare_claims_pipeline.py
[2026-09-04T19:28:26.832+0000] {processor.py:914} INFO - Processing file /opt/airflow/dags/healthcare_claims_pipeline.py for tasks to queue
[2026-09-04T19:28:26.834+0000] {logging_mixin.py:190} INFO - [2026-09-04T19:28:26.833+0000] {dagbag.py:588} INFO - Filling up the DagBag from /opt/airflow/dags/healthcare_claims_pipeline.py
[2026-09-04T19:28:26.841+0000] {processor.py:925} INFO - DAG(s) 'healthcare_analytics' retrieved from /opt/airflow/dags/healthcare_claims_pipeline.py
[2026-09-04T19:28:26.859+0000] {logging_mixin.py:190} INFO - [2026-09-04T19:28:26.859+0000] {dag.py:3239} INFO - Sync 1 DAGs
[2026-09-04T19:28:26.866+0000] {logging_mixin.py:190} INFO - [2026-09-04T19:28:26.866+0000] {dag.py:4180} INFO - Setting next_dagrun for healthcare_analytics to None, run_after=None
[2026-09-04T19:28:26.874+0000] {processor.py:208} INFO - Processing /opt/airflow/dags/healthcare_claims_pipeline.py took 0.048 seconds
[2026-09-04T19:28:57.105+0000] {processor.py:186} INFO - Started process (PID=720) to work on /opt/airflow/dags/healthcare_claims_pipeline.py
[2026-09-04T19:28:57.106+0000] {processor.py:914} INFO - Processing file /opt/airflow/dags/healthcare_claims_pipeline.py for tasks to queue
[2026-09-04T19:28:57.107+0000] {logging_mixin.py:190} INFO - [2026-09-04T19:28:57.107+0000] {dagbag.py:588} INFO - Filling up the DagBag from /opt/airflow/dags/healthcare_claims_pipeline.py
[2026-09-04T19:28:57.114+0000] {processor.py:925} INFO - DAG(s) 'healthcare_analytics' retrieved from /opt/airflow/dags/healthcare_claims_pipeline.py
[2026-09-04T19:28:57.131+0000] {logging_mixin.py:190} INFO - [2026-09-04T19:28:57.131+0000] {dag.py:3239} INFO - Sync 1 DAGs
[2026-09-04T19:28:57.138+0000] {logging_mixin.py:190} INFO - [2026-09-04T19:28:57.138+0000] {dag.py:4180} INFO - Setting next_dagrun for healthcare_analytics to None, run_after=None
[2026-09-04T19:28:57.146+0000] {processor.py:208} INFO - Processing /opt/airflow/dags/healthcare_claims_pipeline.py took 0.046 seconds
[2026-09-04T19:29:27.313+0000] {processor.py:186} INFO - Started process (PID=725) to work on /opt/airflow/dags/healthcare_claims_pipeline.py
[2026-09-04T19:29:27.314+0000] {processor.py:914} INFO - Processing file /opt/airflow/dags/healthcare_claims_pipeline.py for tasks to queue
[2026-09-04T19:29:27.315+0000] {logging_mixin.py:190} INFO - [2026-09-04T19:29:27.315+0000] {dagbag.py:588} INFO - Filling up the DagBag from /opt/airflow/dags/healthcare_claims_pipeline.py
[2026-09-04T19:29:27.319+0000] {processor.py:925} INFO - DAG(s) 'healthcare_analytics' retrieved from /opt/airflow/dags/healthcare_claims_pipeline.py
[2026-09-04T19:29:27.335+0000] {logging_mixin.py:190} INFO - [2026-09-04T19:29:27.335+0000] {dag.py:3239} INFO - Sync 1 DAGs
[2026-09-04T19:29:27.342+0000] {logging_mixin.py:190} INFO - [2026-09-04T19:29:27.342+0000] {dag.py:4180} INFO - Setting next_dagrun for healthcare_analytics to None, run_after=None
[2026-09-04T19:29:27.349+0000] {processor.py:208} INFO - Processing /opt/airflow/dags/healthcare_claims_pipeline.py took 0.038 seconds
[2026-09-04T19:29:57.519+0000] {processor.py:186} INFO - Started process (PID=730) to work on /opt/airflow/dags/healthcare_claims_pipeline.py
[2026-09-04T19:29:57.519+0000] {processor.py:914} INFO - Processing file /opt/airflow/dags/healthcare_claims_pipeline.py for tasks to queue
[2026-09-04T19:29:57.520+0000] {logging_mixin.py:190} INFO - [2026-09-04T19:29:57.520+0000] {dagbag.py:588} INFO - Filling up the DagBag from /opt/airflow/dags/healthcare_claims_pipeline.py
[2026-09-04T19:29:57.524+0000] {processor.py:925} INFO - DAG(s) 'healthcare_analytics' retrieved from /opt/airflow/dags/healthcare_claims_pipeline.py
[2026-09-04T19:29:57.537+0000] {logging_mixin.py:190} INFO - [2026-09-04T19:29:57.537+0000] {dag.py:3239} INFO - Sync 1 DAGs
[2026-09-04T19:29:57.543+0000] {logging_mixin.py:190} INFO - [2026-09-04T19:29:57.543+0000] {dag.py:4180} INFO - Setting next_dagrun for healthcare_analytics to None, run_after=None
[2026-09-04T19:29:57.549+0000] {processor.py:208} INFO - Processing /opt/airflow/dags/healthcare_claims_pipeline.py took 0.033 seconds
[2026-09-04T19:30:27.742+0000] {processor.py:186} INFO - Started process (PID=735) to work on /opt/airflow/dags/healthcare_claims_pipeline.py
[2026-09-04T19:30:27.742+0000] {processor.py:914} INFO - Processing file /opt/airflow/dags/healthcare_claims_pipeline.py for tasks to queue
[2026-09-04T19:30:27.744+0000] {logging_mixin.py:190} INFO - [2026-09-04T19:30:27.744+0000] {dagbag.py:588} INFO - Filling up the DagBag from /opt/airflow/dags/healthcare_claims_pipeline.py
[2026-09-04T19:30:27.750+0000] {processor.py:925} INFO - DAG(s) 'healthcare_analytics' retrieved from /opt/airflow/dags/healthcare_claims_pipeline.py
[2026-09-04T19:30:27.767+0000] {logging_mixin.py:190} INFO - [2026-09-04T19:30:27.767+0000] {dag.py:3239} INFO - Sync 1 DAGs
[2026-09-04T19:30:27.774+0000] {logging_mixin.py:190} INFO - [2026-09-04T19:30:27.774+0000] {dag.py:4180} INFO - Setting next_dagrun for healthcare_analytics to None, run_after=None
[2026-09-04T19:30:27.782+0000] {processor.py:208} INFO - Processing /opt/airflow/dags/healthcare_claims_pipeline.py took 0.044 seconds
[2026-09-04T19:30:58.003+0000] {processor.py:186} INFO - Started process (PID=740) to work on /opt/airflow/dags/healthcare_claims_pipeline.py
[2026-09-04T19:30:58.004+0000] {processor.py:914} INFO - Processing file /opt/airflow/dags/healthcare_claims_pipeline.py for tasks to queue
[2026-09-04T19:30:58.007+0000] {logging_mixin.py:190} INFO - [2026-09-04T19:30:58.006+0000] {dagbag.py:588} INFO - Filling up the DagBag from /opt/airflow/dags/healthcare_claims_pipeline.py
[2026-09-04T19:30:58.014+0000] {processor.py:925} INFO - DAG(s) 'healthcare_analytics' retrieved from /opt/airflow/dags/healthcare_claims_pipeline.py
[2026-09-04T19:30:58.034+0000] {logging_mixin.py:190} INFO - [2026-09-04T19:30:58.033+0000] {dag.py:3239} INFO - Sync 1 DAGs
[2026-09-04T19:30:58.042+0000] {logging_mixin.py:190} INFO - [2026-09-04T19:30:58.042+0000] {dag.py:4180} INFO - Setting next_dagrun for healthcare_analytics to None, run_after=None
[2026-09-04T19:30:58.050+0000] {processor.py:208} INFO - Processing /opt/airflow/dags/healthcare_claims_pipeline.py took 0.052 seconds
[2026-09-04T19:31:28.252+0000] {processor.py:186} INFO - Started process (PID=745) to work on /opt/airflow/dags/healthcare_claims_pipeline.py
[2026-09-04T19:31:28.252+0000] {processor.py:914} INFO - Processing file /opt/airflow/dags/healthcare_claims_pipeline.py for tasks to queue
[2026-09-04T19:31:28.254+0000] {logging_mixin.py:190} INFO - [2026-09-04T19:31:28.254+0000] {dagbag.py:588} INFO - Filling up the DagBag from /opt/airflow/dags/healthcare_claims_pipeline.py
[2026-09-04T19:31:28.259+0000] {processor.py:925} INFO - DAG(s) 'healthcare_analytics' retrieved from /opt/airflow/dags/healthcare_claims_pipeline.py
[2026-09-04T19:31:28.278+0000] {logging_mixin.py:190} INFO - [2026-09-04T19:31:28.278+0000] {dag.py:3239} INFO - Sync 1 DAGs
[2026-09-04T19:31:28.289+0000] {logging_mixin.py:190} INFO - [2026-09-04T19:31:28.289+0000] {dag.py:4180} INFO - Setting next_dagrun for healthcare_analytics to None, run_after=None
[2026-09-04T19:31:28.301+0000] {processor.py:208} INFO - Processing /opt/airflow/dags/healthcare_claims_pipeline.py took 0.054 seconds
[2026-09-04T19:31:58.536+0000] {processor.py:186} INFO - Started process (PID=750) to work on /opt/airflow/dags/healthcare_claims_pipeline.py
[2026-09-04T19:31:58.537+0000] {processor.py:914} INFO - Processing file /opt/airflow/dags/healthcare_claims_pipeline.py for tasks to queue
[2026-09-04T19:31:58.538+0000] {logging_mixin.py:190} INFO - [2026-09-04T19:31:58.538+0000] {dagbag.py:588} INFO - Filling up the DagBag from /opt/airflow/dags/healthcare_claims_pipeline.py
[2026-09-04T19:31:58.543+0000] {processor.py:925} INFO - DAG(s) 'healthcare_analytics' retrieved from /opt/airflow/dags/healthcare_claims_pipeline.py
[2026-09-04T19:31:58.558+0000] {logging_mixin.py:190} INFO - [2026-09-04T19:31:58.558+0000] {dag.py:3239} INFO - Sync 1 DAGs
[2026-09-04T19:31:58.565+0000] {logging_mixin.py:190} INFO - [2026-09-04T19:31:58.564+0000] {dag.py:4180} INFO - Setting next_dagrun for healthcare_analytics to None, run_after=None
[2026-09-04T19:31:58.571+0000] {processor.py:208} INFO - Processing /opt/airflow/dags/healthcare_claims_pipeline.py took 0.041 seconds
[2026-09-04T19:32:28.734+0000] {processor.py:186} INFO - Started process (PID=755) to work on /opt/airflow/dags/healthcare_claims_pipeline.py
[2026-09-04T19:32:28.735+0000] {processor.py:914} INFO - Processing file /opt/airflow/dags/healthcare_claims_pipeline.py for tasks to queue
[2026-09-04T19:32:28.736+0000] {logging_mixin.py:190} INFO - [2026-09-04T19:32:28.736+0000] {dagbag.py:588} INFO - Filling up the DagBag from /opt/airflow/dags/healthcare_claims_pipeline.py
[2026-09-04T19:32:28.743+0000] {processor.py:925} INFO - DAG(s) 'healthcare_analytics' retrieved from /opt/airflow/dags/healthcare_claims_pipeline.py
[2026-09-04T19:32:28.760+0000] {logging_mixin.py:190} INFO - [2026-09-04T19:32:28.760+0000] {dag.py:3239} INFO - Sync 1 DAGs
[2026-09-04T19:32:28.767+0000] {logging_mixin.py:190} INFO - [2026-09-04T19:32:28.767+0000] {dag.py:4180} INFO - Setting next_dagrun for healthcare_analytics to None, run_after=None
[2026-09-04T19:32:28.778+0000] {processor.py:208} INFO - Processing /opt/airflow/dags/healthcare_claims_pipeline.py took 0.046 seconds
[2026-09-04T19:32:58.995+0000] {processor.py:186} INFO - Started process (PID=760) to work on /opt/airflow/dags/healthcare_claims_pipeline.py
[2026-09-04T19:32:58.996+0000] {processor.py:914} INFO - Processing file /opt/airflow/dags/healthcare_claims_pipeline.py for tasks to queue
[2026-09-04T19:32:58.997+0000] {logging_mixin.py:190} INFO - [2026-09-04T19:32:58.997+0000] {dagbag.py:588} INFO - Filling up the DagBag from /opt/airflow/dags/healthcare_claims_pipeline.py
[2026-09-04T19:32:59.009+0000] {processor.py:925} INFO - DAG(s) 'healthcare_analytics' retrieved from /opt/airflow/dags/healthcare_claims_pipeline.py
[2026-09-04T19:32:59.048+0000] {logging_mixin.py:190} INFO - [2026-09-04T19:32:59.048+0000] {dag.py:3239} INFO - Sync 1 DAGs
[2026-09-04T19:32:59.064+0000] {logging_mixin.py:190} INFO - [2026-09-04T19:32:59.064+0000] {dag.py:4180} INFO - Setting next_dagrun for healthcare_analytics to None, run_after=None
[2026-09-04T19:32:59.079+0000] {processor.py:208} INFO - Processing /opt/airflow/dags/healthcare_claims_pipeline.py took 0.088 seconds
[2026-09-04T19:33:29.191+0000] {processor.py:186} INFO - Started process (PID=765) to work on /opt/airflow/dags/healthcare_claims_pipeline.py
[2026-09-04T19:33:29.192+0000] {processor.py:914} INFO - Processing file /opt/airflow/dags/healthcare_claims_pipeline.py for tasks to queue
[2026-09-04T19:33:29.193+0000] {logging_mixin.py:190} INFO - [2026-09-04T19:33:29.192+0000] {dagbag.py:588} INFO - Filling up the DagBag from /opt/airflow/dags/healthcare_claims_pipeline.py
[2026-09-04T19:33:29.197+0000] {processor.py:925} INFO - DAG(s) 'healthcare_analytics' retrieved from /opt/airflow/dags/healthcare_claims_pipeline.py
[2026-09-04T19:33:29.211+0000] {logging_mixin.py:190} INFO - [2026-09-04T19:33:29.210+0000] {dag.py:3239} INFO - Sync 1 DAGs
[2026-09-04T19:33:29.216+0000] {logging_mixin.py:190} INFO - [2026-09-04T19:33:29.216+0000] {dag.py:4180} INFO - Setting next_dagrun for healthcare_analytics to None, run_after=None
[2026-09-04T19:33:29.223+0000] {processor.py:208} INFO - Processing /opt/airflow/dags/healthcare_claims_pipeline.py took 0.034 seconds
[2026-09-04T19:33:59.385+0000] {processor.py:186} INFO - Started process (PID=770) to work on /opt/airflow/dags/healthcare_claims_pipeline.py
[2026-09-04T19:33:59.385+0000] {processor.py:914} INFO - Processing file /opt/airflow/dags/healthcare_claims_pipeline.py for tasks to queue
[2026-09-04T19:33:59.386+0000] {logging_mixin.py:190} INFO - [2026-09-04T19:33:59.386+0000] {dagbag.py:588} INFO - Filling up the DagBag from /opt/airflow/dags/healthcare_claims_pipeline.py
[2026-09-04T19:33:59.390+0000] {processor.py:925} INFO - DAG(s) 'healthcare_analytics' retrieved from /opt/airflow/dags/healthcare_claims_pipeline.py
[2026-09-04T19:33:59.402+0000] {logging_mixin.py:190} INFO - [2026-09-04T19:33:59.402+0000] {dag.py:3239} INFO - Sync 1 DAGs
[2026-09-04T19:33:59.408+0000] {logging_mixin.py:190} INFO - [2026-09-04T19:33:59.408+0000] {dag.py:4180} INFO - Setting next_dagrun for healthcare_analytics to None, run_after=None
[2026-09-04T19:33:59.414+0000] {processor.py:208} INFO - Processing /opt/airflow/dags/healthcare_claims_pipeline.py took 0.032 seconds
[2026-09-04T19:34:29.612+0000] {processor.py:186} INFO - Started process (PID=775) to work on /opt/airflow/dags/healthcare_claims_pipeline.py
[2026-09-04T19:34:29.612+0000] {processor.py:914} INFO - Processing file /opt/airflow/dags/healthcare_claims_pipeline.py for tasks to queue
[2026-09-04T19:34:29.614+0000] {logging_mixin.py:190} INFO - [2026-09-04T19:34:29.614+0000] {dagbag.py:588} INFO - Filling up the DagBag from /opt/airflow/dags/healthcare_claims_pipeline.py
[2026-09-04T19:34:29.619+0000] {processor.py:925} INFO - DAG(s) 'healthcare_analytics' retrieved from /opt/airflow/dags/healthcare_claims_pipeline.py
[2026-09-04T19:34:29.634+0000] {logging_mixin.py:190} INFO - [2026-09-04T19:34:29.634+0000] {dag.py:3239} INFO - Sync 1 DAGs
[2026-09-04T19:34:29.641+0000] {logging_mixin.py:190} INFO - [2026-09-04T19:34:29.641+0000] {dag.py:4180} INFO - Setting next_dagrun for healthcare_analytics to None, run_after=None
[2026-09-04T19:34:29.648+0000] {processor.py:208} INFO - Processing /opt/airflow/dags/healthcare_claims_pipeline.py took 0.040 seconds
[2026-09-04T19:34:59.774+0000] {processor.py:186} INFO - Started process (PID=780) to work on /opt/airflow/dags/healthcare_claims_pipeline.py
[2026-09-04T19:34:59.774+0000] {processor.py:914} INFO - Processing file /opt/airflow/dags/healthcare_claims_pipeline.py for tasks to queue
[2026-09-04T19:34:59.776+0000] {logging_mixin.py:190} INFO - [2026-09-04T19:34:59.776+0000] {dagbag.py:588} INFO - Filling up the DagBag from /opt/airflow/dags/healthcare_claims_pipeline.py
[2026-09-04T19:34:59.781+0000] {processor.py:925} INFO - DAG(s) 'healthcare_analytics' retrieved from /opt/airflow/dags/healthcare_claims_pipeline.py
[2026-09-04T19:34:59.794+0000] {logging_mixin.py:190} INFO - [2026-09-04T19:34:59.794+0000] {dag.py:3239} INFO - Sync 1 DAGs
[2026-09-04T19:34:59.799+0000] {logging_mixin.py:190} INFO - [2026-09-04T19:34:59.799+0000] {dag.py:4180} INFO - Setting next_dagrun for healthcare_analytics to None, run_after=None
[2026-09-04T19:34:59.806+0000] {processor.py:208} INFO - Processing /opt/airflow/dags/healthcare_claims_pipeline.py took 0.036 seconds
[2026-09-04T19:35:29.983+0000] {processor.py:186} INFO - Started process (PID=785) to work on /opt/airflow/dags/healthcare_claims_pipeline.py
[2026-09-04T19:35:29.983+0000] {processor.py:914} INFO - Processing file /opt/airflow/dags/healthcare_claims_pipeline.py for tasks to queue
[2026-09-04T19:35:29.984+0000] {logging_mixin.py:190} INFO - [2026-09-04T19:35:29.984+0000] {dagbag.py:588} INFO - Filling up the DagBag from /opt/airflow/dags/healthcare_claims_pipeline.py
[2026-09-04T19:35:29.988+0000] {processor.py:925} INFO - DAG(s) 'healthcare_analytics' retrieved from /opt/airflow/dags/healthcare_claims_pipeline.py
[2026-09-04T19:35:30.001+0000] {logging_mixin.py:190} INFO - [2026-09-04T19:35:30.000+0000] {dag.py:3239} INFO - Sync 1 DAGs
[2026-09-04T19:35:30.006+0000] {logging_mixin.py:190} INFO - [2026-09-04T19:35:30.006+0000] {dag.py:4180} INFO - Setting next_dagrun for healthcare_analytics to None, run_after=None
[2026-09-04T19:35:30.013+0000] {processor.py:208} INFO - Processing /opt/airflow/dags/healthcare_claims_pipeline.py took 0.033 seconds
[2026-09-04T19:36:00.225+0000] {processor.py:186} INFO - Started process (PID=790) to work on /opt/airflow/dags/healthcare_claims_pipeline.py
[2026-09-04T19:36:00.225+0000] {processor.py:914} INFO - Processing file /opt/airflow/dags/healthcare_claims_pipeline.py for tasks to queue
[2026-09-04T19:36:00.228+0000] {logging_mixin.py:190} INFO - [2026-09-04T19:36:00.228+0000] {dagbag.py:588} INFO - Filling up the DagBag from /opt/airflow/dags/healthcare_claims_pipeline.py
[2026-09-04T19:36:00.236+0000] {processor.py:925} INFO - DAG(s) 'healthcare_analytics' retrieved from /opt/airflow/dags/healthcare_claims_pipeline.py
[2026-09-04T19:36:00.252+0000] {logging_mixin.py:190} INFO - [2026-09-04T19:36:00.252+0000] {dag.py:3239} INFO - Sync 1 DAGs
[2026-09-04T19:36:00.259+0000] {logging_mixin.py:190} INFO - [2026-09-04T19:36:00.259+0000] {dag.py:4180} INFO - Setting next_dagrun for healthcare_analytics to None, run_after=None
[2026-09-04T19:36:00.267+0000] {processor.py:208} INFO - Processing /opt/airflow/dags/healthcare_claims_pipeline.py took 0.047 seconds
[2026-09-04T19:36:30.485+0000] {processor.py:186} INFO - Started process (PID=795) to work on /opt/airflow/dags/healthcare_claims_pipeline.py
[2026-09-04T19:36:30.487+0000] {processor.py:914} INFO - Processing file /opt/airflow/dags/healthcare_claims_pipeline.py for tasks to queue
[2026-09-04T19:36:30.488+0000] {logging_mixin.py:190} INFO - [2026-09-04T19:36:30.488+0000] {dagbag.py:588} INFO - Filling up the DagBag from /opt/airflow/dags/healthcare_claims_pipeline.py
[2026-09-04T19:36:30.492+0000] {processor.py:925} INFO - DAG(s) 'healthcare_analytics' retrieved from /opt/airflow/dags/healthcare_claims_pipeline.py
[2026-09-04T19:36:30.509+0000] {logging_mixin.py:190} INFO - [2026-09-04T19:36:30.509+0000] {dag.py:3239} INFO - Sync 1 DAGs
[2026-09-04T19:36:30.515+0000] {logging_mixin.py:190} INFO - [2026-09-04T19:36:30.515+0000] {dag.py:4180} INFO - Setting next_dagrun for healthcare_analytics to None, run_after=None
[2026-09-04T19:36:30.523+0000] {processor.py:208} INFO - Processing /opt/airflow/dags/healthcare_claims_pipeline.py took 0.041 seconds
[2026-09-04T19:37:00.766+0000] {processor.py:186} INFO - Started process (PID=800) to work on /opt/airflow/dags/healthcare_claims_pipeline.py
[2026-09-04T19:37:00.766+0000] {processor.py:914} INFO - Processing file /opt/airflow/dags/healthcare_claims_pipeline.py for tasks to queue
[2026-09-04T19:37:00.768+0000] {logging_mixin.py:190} INFO - [2026-09-04T19:37:00.768+0000] {dagbag.py:588} INFO - Filling up the DagBag from /opt/airflow/dags/healthcare_claims_pipeline.py
[2026-09-04T19:37:00.774+0000] {processor.py:925} INFO - DAG(s) 'healthcare_analytics' retrieved from /opt/airflow/dags/healthcare_claims_pipeline.py
[2026-09-04T19:37:00.792+0000] {logging_mixin.py:190} INFO - [2026-09-04T19:37:00.791+0000] {dag.py:3239} INFO - Sync 1 DAGs
[2026-09-04T19:37:00.797+0000] {logging_mixin.py:190} INFO - [2026-09-04T19:37:00.797+0000] {dag.py:4180} INFO - Setting next_dagrun for healthcare_analytics to None, run_after=None
[2026-09-04T19:37:00.804+0000] {processor.py:208} INFO - Processing /opt/airflow/dags/healthcare_claims_pipeline.py took 0.043 seconds
[2026-09-04T19:37:31.026+0000] {processor.py:186} INFO - Started process (PID=805) to work on /opt/airflow/dags/healthcare_claims_pipeline.py
[2026-09-04T19:37:31.027+0000] {processor.py:914} INFO - Processing file /opt/airflow/dags/healthcare_claims_pipeline.py for tasks to queue
[2026-09-04T19:37:31.028+0000] {logging_mixin.py:190} INFO - [2026-09-04T19:37:31.028+0000] {dagbag.py:588} INFO - Filling up the DagBag from /opt/airflow/dags/healthcare_claims_pipeline.py
[2026-09-04T19:37:31.036+0000] {processor.py:925} INFO - DAG(s) 'healthcare_analytics' retrieved from /opt/airflow/dags/healthcare_claims_pipeline.py
[2026-09-04T19:37:31.053+0000] {logging_mixin.py:190} INFO - [2026-09-04T19:37:31.053+0000] {dag.py:3239} INFO - Sync 1 DAGs
[2026-09-04T19:37:31.059+0000] {logging_mixin.py:190} INFO - [2026-09-04T19:37:31.059+0000] {dag.py:4180} INFO - Setting next_dagrun for healthcare_analytics to None, run_after=None
[2026-09-04T19:37:31.066+0000] {processor.py:208} INFO - Processing /opt/airflow/dags/healthcare_claims_pipeline.py took 0.045 seconds
[2026-09-04T19:38:01.275+0000] {processor.py:186} INFO - Started process (PID=810) to work on /opt/airflow/dags/healthcare_claims_pipeline.py
[2026-09-04T19:38:01.275+0000] {processor.py:914} INFO - Processing file /opt/airflow/dags/healthcare_claims_pipeline.py for tasks to queue
[2026-09-04T19:38:01.276+0000] {logging_mixin.py:190} INFO - [2026-09-04T19:38:01.276+0000] {dagbag.py:588} INFO - Filling up the DagBag from /opt/airflow/dags/healthcare_claims_pipeline.py
[2026-09-04T19:38:01.280+0000] {processor.py:925} INFO - DAG(s) 'healthcare_analytics' retrieved from /opt/airflow/dags/healthcare_claims_pipeline.py
[2026-09-04T19:38:01.292+0000] {logging_mixin.py:190} INFO - [2026-09-04T19:38:01.292+0000] {dag.py:3239} INFO - Sync 1 DAGs
[2026-09-04T19:38:01.298+0000] {logging_mixin.py:190} INFO - [2026-09-04T19:38:01.298+0000] {dag.py:4180} INFO - Setting next_dagrun for healthcare_analytics to None, run_after=None
[2026-09-04T19:38:01.304+0000] {processor.py:208} INFO - Processing /opt/airflow/dags/healthcare_claims_pipeline.py took 0.032 seconds
[2026-09-04T19:38:31.515+0000] {processor.py:186} INFO - Started process (PID=815) to work on /opt/airflow/dags/healthcare_claims_pipeline.py
[2026-09-04T19:38:31.516+0000] {processor.py:914} INFO - Processing file /opt/airflow/dags/healthcare_claims_pipeline.py for tasks to queue
[2026-09-04T19:38:31.518+0000] {logging_mixin.py:190} INFO - [2026-09-04T19:38:31.518+0000] {dagbag.py:588} INFO - Filling up the DagBag from /opt/airflow/dags/healthcare_claims_pipeline.py
[2026-09-04T19:38:31.527+0000] {processor.py:925} INFO - DAG(s) 'healthcare_analytics' retrieved from /opt/airflow/dags/healthcare_claims_pipeline.py
[2026-09-04T19:38:31.543+0000] {logging_mixin.py:190} INFO - [2026-09-04T19:38:31.543+0000] {dag.py:3239} INFO - Sync 1 DAGs
[2026-09-04T19:38:31.549+0000] {logging_mixin.py:190} INFO - [2026-09-04T19:38:31.549+0000] {dag.py:4180} INFO - Setting next_dagrun for healthcare_analytics to None, run_after=None
[2026-09-04T19:38:31.557+0000] {processor.py:208} INFO - Processing /opt/airflow/dags/healthcare_claims_pipeline.py took 0.047 seconds
[2026-09-04T19:39:01.717+0000] {processor.py:186} INFO - Started process (PID=820) to work on /opt/airflow/dags/healthcare_claims_pipeline.py
[2026-09-04T19:39:01.718+0000] {processor.py:914} INFO - Processing file /opt/airflow/dags/healthcare_claims_pipeline.py for tasks to queue
[2026-09-04T19:39:01.719+0000] {logging_mixin.py:190} INFO - [2026-09-04T19:39:01.719+0000] {dagbag.py:588} INFO - Filling up the DagBag from /opt/airflow/dags/healthcare_claims_pipeline.py
[2026-09-04T19:39:01.724+0000] {processor.py:925} INFO - DAG(s) 'healthcare_analytics' retrieved from /opt/airflow/dags/healthcare_claims_pipeline.py
[2026-09-04T19:39:01.738+0000] {logging_mixin.py:190} INFO - [2026-09-04T19:39:01.738+0000] {dag.py:3239} INFO - Sync 1 DAGs
[2026-09-04T19:39:01.745+0000] {logging_mixin.py:190} INFO - [2026-09-04T19:39:01.744+0000] {dag.py:4180} INFO - Setting next_dagrun for healthcare_analytics to None, run_after=None
[2026-09-04T19:39:01.751+0000] {processor.py:208} INFO - Processing /opt/airflow/dags/healthcare_claims_pipeline.py took 0.038 seconds
[2026-09-04T19:39:31.983+0000] {processor.py:186} INFO - Started process (PID=825) to work on /opt/airflow/dags/healthcare_claims_pipeline.py
[2026-09-04T19:39:31.984+0000] {processor.py:914} INFO - Processing file /opt/airflow/dags/healthcare_claims_pipeline.py for tasks to queue
[2026-09-04T19:39:31.985+0000] {logging_mixin.py:190} INFO - [2026-09-04T19:39:31.985+0000] {dagbag.py:588} INFO - Filling up the DagBag from /opt/airflow/dags/healthcare_claims_pipeline.py
[2026-09-04T19:39:31.991+0000] {processor.py:925} INFO - DAG(s) 'healthcare_analytics' retrieved from /opt/airflow/dags/healthcare_claims_pipeline.py
[2026-09-04T19:39:32.008+0000] {logging_mixin.py:190} INFO - [2026-09-04T19:39:32.008+0000] {dag.py:3239} INFO - Sync 1 DAGs
[2026-09-04T19:39:32.015+0000] {logging_mixin.py:190} INFO - [2026-09-04T19:39:32.015+0000] {dag.py:4180} INFO - Setting next_dagrun for healthcare_analytics to None, run_after=None
[2026-09-04T19:39:32.023+0000] {processor.py:208} INFO - Processing /opt/airflow/dags/healthcare_claims_pipeline.py took 0.044 seconds
[2026-09-04T19:40:02.250+0000] {processor.py:186} INFO - Started process (PID=830) to work on /opt/airflow/dags/healthcare_claims_pipeline.py
[2026-09-04T19:40:02.251+0000] {processor.py:914} INFO - Processing file /opt/airflow/dags/healthcare_claims_pipeline.py for tasks to queue
[2026-09-04T19:40:02.253+0000] {logging_mixin.py:190} INFO - [2026-09-04T19:40:02.252+0000] {dagbag.py:588} INFO - Filling up the DagBag from /opt/airflow/dags/healthcare_claims_pipeline.py
[2026-09-04T19:40:02.258+0000] {processor.py:925} INFO - DAG(s) 'healthcare_analytics' retrieved from /opt/airflow/dags/healthcare_claims_pipeline.py
[2026-09-04T19:40:02.273+0000] {logging_mixin.py:190} INFO - [2026-09-04T19:40:02.273+0000] {dag.py:3239} INFO - Sync 1 DAGs
[2026-09-04T19:40:02.280+0000] {logging_mixin.py:190} INFO - [2026-09-04T19:40:02.280+0000] {dag.py:4180} INFO - Setting next_dagrun for healthcare_analytics to None, run_after=None
[2026-09-04T19:40:02.287+0000] {processor.py:208} INFO - Processing /opt/airflow/dags/healthcare_claims_pipeline.py took 0.041 seconds
[2026-09-04T19:40:32.500+0000] {processor.py:186} INFO - Started process (PID=835) to work on /opt/airflow/dags/healthcare_claims_pipeline.py
[2026-09-04T19:40:32.501+0000] {processor.py:914} INFO - Processing file /opt/airflow/dags/healthcare_claims_pipeline.py for tasks to queue
[2026-09-04T19:40:32.502+0000] {logging_mixin.py:190} INFO - [2026-09-04T19:40:32.502+0000] {dagbag.py:588} INFO - Filling up the DagBag from /opt/airflow/dags/healthcare_claims_pipeline.py
[2026-09-04T19:40:32.508+0000] {processor.py:925} INFO - DAG(s) 'healthcare_analytics' retrieved from /opt/airflow/dags/healthcare_claims_pipeline.py
[2026-09-04T19:40:32.523+0000] {logging_mixin.py:190} INFO - [2026-09-04T19:40:32.523+0000] {dag.py:3239} INFO - Sync 1 DAGs
[2026-09-04T19:40:32.530+0000] {logging_mixin.py:190} INFO - [2026-09-04T19:40:32.530+0000] {dag.py:4180} INFO - Setting next_dagrun for healthcare_analytics to None, run_after=None
[2026-09-04T19:40:32.537+0000] {processor.py:208} INFO - Processing /opt/airflow/dags/healthcare_claims_pipeline.py took 0.041 seconds
[2026-09-04T19:41:02.724+0000] {processor.py:186} INFO - Started process (PID=840) to work on /opt/airflow/dags/healthcare_claims_pipeline.py
[2026-09-04T19:41:02.724+0000] {processor.py:914} INFO - Processing file /opt/airflow/dags/healthcare_claims_pipeline.py for tasks to queue
[2026-09-04T19:41:02.726+0000] {logging_mixin.py:190} INFO - [2026-09-04T19:41:02.726+0000] {dagbag.py:588} INFO - Filling up the DagBag from /opt/airflow/dags/healthcare_claims_pipeline.py
[2026-09-04T19:41:02.732+0000] {processor.py:925} INFO - DAG(s) 'healthcare_analytics' retrieved from /opt/airflow/dags/healthcare_claims_pipeline.py
[2026-09-04T19:41:02.747+0000] {logging_mixin.py:190} INFO - [2026-09-04T19:41:02.747+0000] {dag.py:3239} INFO - Sync 1 DAGs
[2026-09-04T19:41:02.754+0000] {logging_mixin.py:190} INFO - [2026-09-04T19:41:02.754+0000] {dag.py:4180} INFO - Setting next_dagrun for healthcare_analytics to None, run_after=None
[2026-09-04T19:41:02.761+0000] {processor.py:208} INFO - Processing /opt/airflow/dags/healthcare_claims_pipeline.py took 0.041 seconds
[2026-09-04T19:41:32.997+0000] {processor.py:186} INFO - Started process (PID=845) to work on /opt/airflow/dags/healthcare_claims_pipeline.py
[2026-09-04T19:41:32.997+0000] {processor.py:914} INFO - Processing file /opt/airflow/dags/healthcare_claims_pipeline.py for tasks to queue
[2026-09-04T19:41:32.999+0000] {logging_mixin.py:190} INFO - [2026-09-04T19:41:32.999+0000] {dagbag.py:588} INFO - Filling up the DagBag from /opt/airflow/dags/healthcare_claims_pipeline.py
[2026-09-04T19:41:33.007+0000] {processor.py:925} INFO - DAG(s) 'healthcare_analytics' retrieved from /opt/airflow/dags/healthcare_claims_pipeline.py
[2026-09-04T19:41:33.023+0000] {logging_mixin.py:190} INFO - [2026-09-04T19:41:33.023+0000] {dag.py:3239} INFO - Sync 1 DAGs
[2026-09-04T19:41:33.030+0000] {logging_mixin.py:190} INFO - [2026-09-04T19:41:33.030+0000] {dag.py:4180} INFO - Setting next_dagrun for healthcare_analytics to None, run_after=None
[2026-09-04T19:41:33.037+0000] {processor.py:208} INFO - Processing /opt/airflow/dags/healthcare_claims_pipeline.py took 0.045 seconds
[2026-09-04T19:42:03.267+0000] {processor.py:186} INFO - Started process (PID=850) to work on /opt/airflow/dags/healthcare_claims_pipeline.py
[2026-09-04T19:42:03.268+0000] {processor.py:914} INFO - Processing file /opt/airflow/dags/healthcare_claims_pipeline.py for tasks to queue
[2026-09-04T19:42:03.269+0000] {logging_mixin.py:190} INFO - [2026-09-04T19:42:03.269+0000] {dagbag.py:588} INFO - Filling up the DagBag from /opt/airflow/dags/healthcare_claims_pipeline.py
[2026-09-04T19:42:03.276+0000] {processor.py:925} INFO - DAG(s) 'healthcare_analytics' retrieved from /opt/airflow/dags/healthcare_claims_pipeline.py
[2026-09-04T19:42:03.293+0000] {logging_mixin.py:190} INFO - [2026-09-04T19:42:03.293+0000] {dag.py:3239} INFO - Sync 1 DAGs
[2026-09-04T19:42:03.300+0000] {logging_mixin.py:190} INFO - [2026-09-04T19:42:03.300+0000] {dag.py:4180} INFO - Setting next_dagrun for healthcare_analytics to None, run_after=None
[2026-09-04T19:42:03.307+0000] {processor.py:208} INFO - Processing /opt/airflow/dags/healthcare_claims_pipeline.py took 0.045 seconds
[2026-09-04T19:42:33.508+0000] {processor.py:186} INFO - Started process (PID=855) to work on /opt/airflow/dags/healthcare_claims_pipeline.py
[2026-09-04T19:42:33.509+0000] {processor.py:914} INFO - Processing file /opt/airflow/dags/healthcare_claims_pipeline.py for tasks to queue
[2026-09-04T19:42:33.511+0000] {logging_mixin.py:190} INFO - [2026-09-04T19:42:33.511+0000] {dagbag.py:588} INFO - Filling up the DagBag from /opt/airflow/dags/healthcare_claims_pipeline.py
[2026-09-04T19:42:33.518+0000] {processor.py:925} INFO - DAG(s) 'healthcare_analytics' retrieved from /opt/airflow/dags/healthcare_claims_pipeline.py
[2026-09-04T19:42:33.534+0000] {logging_mixin.py:190} INFO - [2026-09-04T19:42:33.534+0000] {dag.py:3239} INFO - Sync 1 DAGs
[2026-09-04T19:42:33.540+0000] {logging_mixin.py:190} INFO - [2026-09-04T19:42:33.540+0000] {dag.py:4180} INFO - Setting next_dagrun for healthcare_analytics to None, run_after=None
[2026-09-04T19:42:33.547+0000] {processor.py:208} INFO - Processing /opt/airflow/dags/healthcare_claims_pipeline.py took 0.043 seconds
[2026-09-04T19:43:03.697+0000] {processor.py:186} INFO - Started process (PID=860) to work on /opt/airflow/dags/healthcare_claims_pipeline.py
[2026-09-04T19:43:03.697+0000] {processor.py:914} INFO - Processing file /opt/airflow/dags/healthcare_claims_pipeline.py for tasks to queue
[2026-09-04T19:43:03.699+0000] {logging_mixin.py:190} INFO - [2026-09-04T19:43:03.698+0000] {dagbag.py:588} INFO - Filling up the DagBag from /opt/airflow/dags/healthcare_claims_pipeline.py
[2026-09-04T19:43:03.705+0000] {processor.py:925} INFO - DAG(s) 'healthcare_analytics' retrieved from /opt/airflow/dags/healthcare_claims_pipeline.py
[2026-09-04T19:43:03.720+0000] {logging_mixin.py:190} INFO - [2026-09-04T19:43:03.720+0000] {dag.py:3239} INFO - Sync 1 DAGs
[2026-09-04T19:43:03.726+0000] {logging_mixin.py:190} INFO - [2026-09-04T19:43:03.726+0000] {dag.py:4180} INFO - Setting next_dagrun for healthcare_analytics to None, run_after=None
[2026-09-04T19:43:03.733+0000] {processor.py:208} INFO - Processing /opt/airflow/dags/healthcare_claims_pipeline.py took 0.041 seconds
[2026-09-04T19:43:33.917+0000] {processor.py:186} INFO - Started process (PID=865) to work on /opt/airflow/dags/healthcare_claims_pipeline.py
[2026-09-04T19:43:33.917+0000] {processor.py:914} INFO - Processing file /opt/airflow/dags/healthcare_claims_pipeline.py for tasks to queue
[2026-09-04T19:43:33.919+0000] {logging_mixin.py:190} INFO - [2026-09-04T19:43:33.919+0000] {dagbag.py:588} INFO - Filling up the DagBag from /opt/airflow/dags/healthcare_claims_pipeline.py
[2026-09-04T19:43:33.925+0000] {processor.py:925} INFO - DAG(s) 'healthcare_analytics' retrieved from /opt/airflow/dags/healthcare_claims_pipeline.py
[2026-09-04T19:43:33.941+0000] {logging_mixin.py:190} INFO - [2026-09-04T19:43:33.941+0000] {dag.py:3239} INFO - Sync 1 DAGs
[2026-09-04T19:43:33.947+0000] {logging_mixin.py:190} INFO - [2026-09-04T19:43:33.947+0000] {dag.py:4180} INFO - Setting next_dagrun for healthcare_analytics to None, run_after=None
[2026-09-04T19:43:33.954+0000] {processor.py:208} INFO - Processing /opt/airflow/dags/healthcare_claims_pipeline.py took 0.042 seconds
[2026-09-04T19:44:04.170+0000] {processor.py:186} INFO - Started process (PID=870) to work on /opt/airflow/dags/healthcare_claims_pipeline.py
[2026-09-04T19:44:04.170+0000] {processor.py:914} INFO - Processing file /opt/airflow/dags/healthcare_claims_pipeline.py for tasks to queue
[2026-09-04T19:44:04.172+0000] {logging_mixin.py:190} INFO - [2026-09-04T19:44:04.172+0000] {dagbag.py:588} INFO - Filling up the DagBag from /opt/airflow/dags/healthcare_claims_pipeline.py
[2026-09-04T19:44:04.177+0000] {processor.py:925} INFO - DAG(s) 'healthcare_analytics' retrieved from /opt/airflow/dags/healthcare_claims_pipeline.py
[2026-09-04T19:44:04.190+0000] {logging_mixin.py:190} INFO - [2026-09-04T19:44:04.190+0000] {dag.py:3239} INFO - Sync 1 DAGs
[2026-09-04T19:44:04.196+0000] {logging_mixin.py:190} INFO - [2026-09-04T19:44:04.196+0000] {dag.py:4180} INFO - Setting next_dagrun for healthcare_analytics to None, run_after=None
[2026-09-04T19:44:04.203+0000] {processor.py:208} INFO - Processing /opt/airflow/dags/healthcare_claims_pipeline.py took 0.037 seconds
[2026-09-04T19:44:34.417+0000] {processor.py:186} INFO - Started process (PID=875) to work on /opt/airflow/dags/healthcare_claims_pipeline.py
[2026-09-04T19:44:34.417+0000] {processor.py:914} INFO - Processing file /opt/airflow/dags/healthcare_claims_pipeline.py for tasks to queue
[2026-09-04T19:44:34.418+0000] {logging_mixin.py:190} INFO - [2026-09-04T19:44:34.418+0000] {dagbag.py:588} INFO - Filling up the DagBag from /opt/airflow/dags/healthcare_claims_pipeline.py
[2026-09-04T19:44:34.422+0000] {processor.py:925} INFO - DAG(s) 'healthcare_analytics' retrieved from /opt/airflow/dags/healthcare_claims_pipeline.py
[2026-09-04T19:44:34.437+0000] {logging_mixin.py:190} INFO - [2026-09-04T19:44:34.436+0000] {dag.py:3239} INFO - Sync 1 DAGs
[2026-09-04T19:44:34.442+0000] {logging_mixin.py:190} INFO - [2026-09-04T19:44:34.442+0000] {dag.py:4180} INFO - Setting next_dagrun for healthcare_analytics to None, run_after=None
[2026-09-04T19:44:34.451+0000] {processor.py:208} INFO - Processing /opt/airflow/dags/healthcare_claims_pipeline.py took 0.037 seconds
[2026-09-04T19:45:04.674+0000] {processor.py:186} INFO - Started process (PID=880) to work on /opt/airflow/dags/healthcare_claims_pipeline.py
[2026-09-04T19:45:04.675+0000] {processor.py:914} INFO - Processing file /opt/airflow/dags/healthcare_claims_pipeline.py for tasks to queue
[2026-09-04T19:45:04.676+0000] {logging_mixin.py:190} INFO - [2026-09-04T19:45:04.676+0000] {dagbag.py:588} INFO - Filling up the DagBag from /opt/airflow/dags/healthcare_claims_pipeline.py
[2026-09-04T19:45:04.680+0000] {processor.py:925} INFO - DAG(s) 'healthcare_analytics' retrieved from /opt/airflow/dags/healthcare_claims_pipeline.py
[2026-09-04T19:45:04.699+0000] {logging_mixin.py:190} INFO - [2026-09-04T19:45:04.699+0000] {dag.py:3239} INFO - Sync 1 DAGs
[2026-09-04T19:45:04.704+0000] {logging_mixin.py:190} INFO - [2026-09-04T19:45:04.704+0000] {dag.py:4180} INFO - Setting next_dagrun for healthcare_analytics to None, run_after=None
[2026-09-04T19:45:04.710+0000] {processor.py:208} INFO - Processing /opt/airflow/dags/healthcare_claims_pipeline.py took 0.039 seconds
[2026-09-04T19:45:34.855+0000] {processor.py:186} INFO - Started process (PID=885) to work on /opt/airflow/dags/healthcare_claims_pipeline.py
[2026-09-04T19:45:34.856+0000] {processor.py:914} INFO - Processing file /opt/airflow/dags/healthcare_claims_pipeline.py for tasks to queue
[2026-09-04T19:45:34.857+0000] {logging_mixin.py:190} INFO - [2026-09-04T19:45:34.857+0000] {dagbag.py:588} INFO - Filling up the DagBag from /opt/airflow/dags/healthcare_claims_pipeline.py
[2026-09-04T19:45:34.865+0000] {processor.py:925} INFO - DAG(s) 'healthcare_analytics' retrieved from /opt/airflow/dags/healthcare_claims_pipeline.py
[2026-09-04T19:45:34.885+0000] {logging_mixin.py:190} INFO - [2026-09-04T19:45:34.885+0000] {dag.py:3239} INFO - Sync 1 DAGs
[2026-09-04T19:45:34.892+0000] {logging_mixin.py:190} INFO - [2026-09-04T19:45:34.892+0000] {dag.py:4180} INFO - Setting next_dagrun for healthcare_analytics to None, run_after=None
[2026-09-04T19:45:34.899+0000] {processor.py:208} INFO - Processing /opt/airflow/dags/healthcare_claims_pipeline.py took 0.050 seconds
[2026-09-04T19:46:05.162+0000] {processor.py:186} INFO - Started process (PID=890) to work on /opt/airflow/dags/healthcare_claims_pipeline.py
[2026-09-04T19:46:05.162+0000] {processor.py:914} INFO - Processing file /opt/airflow/dags/healthcare_claims_pipeline.py for tasks to queue
[2026-09-04T19:46:05.164+0000] {logging_mixin.py:190} INFO - [2026-09-04T19:46:05.163+0000] {dagbag.py:588} INFO - Filling up the DagBag from /opt/airflow/dags/healthcare_claims_pipeline.py
[2026-09-04T19:46:05.170+0000] {processor.py:925} INFO - DAG(s) 'healthcare_analytics' retrieved from /opt/airflow/dags/healthcare_claims_pipeline.py
[2026-09-04T19:46:05.186+0000] {logging_mixin.py:190} INFO - [2026-09-04T19:46:05.186+0000] {dag.py:3239} INFO - Sync 1 DAGs
[2026-09-04T19:46:05.193+0000] {logging_mixin.py:190} INFO - [2026-09-04T19:46:05.193+0000] {dag.py:4180} INFO - Setting next_dagrun for healthcare_analytics to None, run_after=None
[2026-09-04T19:46:05.201+0000] {processor.py:208} INFO - Processing /opt/airflow/dags/healthcare_claims_pipeline.py took 0.043 seconds
[2026-09-04T19:46:35.461+0000] {processor.py:186} INFO - Started process (PID=895) to work on /opt/airflow/dags/healthcare_claims_pipeline.py
[2026-09-04T19:46:35.462+0000] {processor.py:914} INFO - Processing file /opt/airflow/dags/healthcare_claims_pipeline.py for tasks to queue
[2026-09-04T19:46:35.464+0000] {logging_mixin.py:190} INFO - [2026-09-04T19:46:35.464+0000] {dagbag.py:588} INFO - Filling up the DagBag from /opt/airflow/dags/healthcare_claims_pipeline.py
[2026-09-04T19:46:35.472+0000] {processor.py:925} INFO - DAG(s) 'healthcare_analytics' retrieved from /opt/airflow/dags/healthcare_claims_pipeline.py
[2026-09-04T19:46:35.489+0000] {logging_mixin.py:190} INFO - [2026-09-04T19:46:35.489+0000] {dag.py:3239} INFO - Sync 1 DAGs
[2026-09-04T19:46:35.496+0000] {logging_mixin.py:190} INFO - [2026-09-04T19:46:35.496+0000] {dag.py:4180} INFO - Setting next_dagrun for healthcare_analytics to None, run_after=None
[2026-09-04T19:46:35.503+0000] {processor.py:208} INFO - Processing /opt/airflow/dags/healthcare_claims_pipeline.py took 0.047 seconds
[2026-09-04T19:47:05.724+0000] {processor.py:186} INFO - Started process (PID=900) to work on /opt/airflow/dags/healthcare_claims_pipeline.py
[2026-09-04T19:47:05.725+0000] {processor.py:914} INFO - Processing file /opt/airflow/dags/healthcare_claims_pipeline.py for tasks to queue
[2026-09-04T19:47:05.726+0000] {logging_mixin.py:190} INFO - [2026-09-04T19:47:05.726+0000] {dagbag.py:588} INFO - Filling up the DagBag from /opt/airflow/dags/healthcare_claims_pipeline.py
[2026-09-04T19:47:05.732+0000] {processor.py:925} INFO - DAG(s) 'healthcare_analytics' retrieved from /opt/airflow/dags/healthcare_claims_pipeline.py
[2026-09-04T19:47:05.746+0000] {logging_mixin.py:190} INFO - [2026-09-04T19:47:05.746+0000] {dag.py:3239} INFO - Sync 1 DAGs
[2026-09-04T19:47:05.753+0000] {logging_mixin.py:190} INFO - [2026-09-04T19:47:05.753+0000] {dag.py:4180} INFO - Setting next_dagrun for healthcare_analytics to None, run_after=None
[2026-09-04T19:47:05.759+0000] {processor.py:208} INFO - Processing /opt/airflow/dags/healthcare_claims_pipeline.py took 0.040 seconds
[2026-09-04T19:47:36.033+0000] {processor.py:186} INFO - Started process (PID=905) to work on /opt/airflow/dags/healthcare_claims_pipeline.py
[2026-09-04T19:47:36.034+0000] {processor.py:914} INFO - Processing file /opt/airflow/dags/healthcare_claims_pipeline.py for tasks to queue
[2026-09-04T19:47:36.035+0000] {logging_mixin.py:190} INFO - [2026-09-04T19:47:36.035+0000] {dagbag.py:588} INFO - Filling up the DagBag from /opt/airflow/dags/healthcare_claims_pipeline.py
[2026-09-04T19:47:36.042+0000] {processor.py:925} INFO - DAG(s) 'healthcare_analytics' retrieved from /opt/airflow/dags/healthcare_claims_pipeline.py
[2026-09-04T19:47:36.057+0000] {logging_mixin.py:190} INFO - [2026-09-04T19:47:36.057+0000] {dag.py:3239} INFO - Sync 1 DAGs
[2026-09-04T19:47:36.063+0000] {logging_mixin.py:190} INFO - [2026-09-04T19:47:36.063+0000] {dag.py:4180} INFO - Setting next_dagrun for healthcare_analytics to None, run_after=None
[2026-09-04T19:47:36.070+0000] {processor.py:208} INFO - Processing /opt/airflow/dags/healthcare_claims_pipeline.py took 0.042 seconds
[2026-09-04T19:48:06.905+0000] {processor.py:186} INFO - Started process (PID=910) to work on /opt/airflow/dags/healthcare_claims_pipeline.py
[2026-09-04T19:48:06.905+0000] {processor.py:914} INFO - Processing file /opt/airflow/dags/healthcare_claims_pipeline.py for tasks to queue
[2026-09-04T19:48:06.907+0000] {logging_mixin.py:190} INFO - [2026-09-04T19:48:06.907+0000] {dagbag.py:588} INFO - Filling up the DagBag from /opt/airflow/dags/healthcare_claims_pipeline.py
[2026-09-04T19:48:06.912+0000] {processor.py:925} INFO - DAG(s) 'healthcare_analytics' retrieved from /opt/airflow/dags/healthcare_claims_pipeline.py
[2026-09-04T19:48:06.926+0000] {logging_mixin.py:190} INFO - [2026-09-04T19:48:06.926+0000] {dag.py:3239} INFO - Sync 1 DAGs
[2026-09-04T19:48:06.932+0000] {logging_mixin.py:190} INFO - [2026-09-04T19:48:06.932+0000] {dag.py:4180} INFO - Setting next_dagrun for healthcare_analytics to None, run_after=None
[2026-09-04T19:48:06.939+0000] {processor.py:208} INFO - Processing /opt/airflow/dags/healthcare_claims_pipeline.py took 0.038 seconds
[2026-09-04T19:52:22.047+0000] {processor.py:186} INFO - Started process (PID=915) to work on /opt/airflow/dags/healthcare_claims_pipeline.py
[2026-09-04T19:52:22.047+0000] {processor.py:914} INFO - Processing file /opt/airflow/dags/healthcare_claims_pipeline.py for tasks to queue
[2026-09-04T19:52:22.048+0000] {logging_mixin.py:190} INFO - [2026-09-04T19:52:22.048+0000] {dagbag.py:588} INFO - Filling up the DagBag from /opt/airflow/dags/healthcare_claims_pipeline.py
[2026-09-04T19:52:22.052+0000] {processor.py:925} INFO - DAG(s) 'healthcare_analytics' retrieved from /opt/airflow/dags/healthcare_claims_pipeline.py
[2026-09-04T19:52:22.068+0000] {logging_mixin.py:190} INFO - [2026-09-04T19:52:22.068+0000] {dag.py:3239} INFO - Sync 1 DAGs
[2026-09-04T19:52:22.075+0000] {logging_mixin.py:190} INFO - [2026-09-04T19:52:22.075+0000] {dag.py:4180} INFO - Setting next_dagrun for healthcare_analytics to None, run_after=None
[2026-09-04T19:52:22.085+0000] {processor.py:208} INFO - Processing /opt/airflow/dags/healthcare_claims_pipeline.py took 0.041 seconds
[2026-09-04T19:52:52.365+0000] {processor.py:186} INFO - Started process (PID=920) to work on /opt/airflow/dags/healthcare_claims_pipeline.py
[2026-09-04T19:52:52.365+0000] {processor.py:914} INFO - Processing file /opt/airflow/dags/healthcare_claims_pipeline.py for tasks to queue
[2026-09-04T19:52:52.367+0000] {logging_mixin.py:190} INFO - [2026-09-04T19:52:52.367+0000] {dagbag.py:588} INFO - Filling up the DagBag from /opt/airflow/dags/healthcare_claims_pipeline.py
[2026-09-04T19:52:52.373+0000] {processor.py:925} INFO - DAG(s) 'healthcare_analytics' retrieved from /opt/airflow/dags/healthcare_claims_pipeline.py
[2026-09-04T19:52:52.387+0000] {logging_mixin.py:190} INFO - [2026-09-04T19:52:52.387+0000] {dag.py:3239} INFO - Sync 1 DAGs
[2026-09-04T19:52:52.393+0000] {logging_mixin.py:190} INFO - [2026-09-04T19:52:52.393+0000] {dag.py:4180} INFO - Setting next_dagrun for healthcare_analytics to None, run_after=None
[2026-09-04T19:52:52.400+0000] {processor.py:208} INFO - Processing /opt/airflow/dags/healthcare_claims_pipeline.py took 0.040 seconds
[2026-09-04T19:57:12.468+0000] {processor.py:186} INFO - Started process (PID=925) to work on /opt/airflow/dags/healthcare_claims_pipeline.py
[2026-09-04T19:57:12.468+0000] {processor.py:914} INFO - Processing file /opt/airflow/dags/healthcare_claims_pipeline.py for tasks to queue
[2026-09-04T19:57:12.469+0000] {logging_mixin.py:190} INFO - [2026-09-04T19:57:12.469+0000] {dagbag.py:588} INFO - Filling up the DagBag from /opt/airflow/dags/healthcare_claims_pipeline.py
[2026-09-04T19:57:12.473+0000] {processor.py:925} INFO - DAG(s) 'healthcare_analytics' retrieved from /opt/airflow/dags/healthcare_claims_pipeline.py
[2026-09-04T19:57:12.486+0000] {logging_mixin.py:190} INFO - [2026-09-04T19:57:12.486+0000] {dag.py:3239} INFO - Sync 1 DAGs
[2026-09-04T19:57:12.491+0000] {logging_mixin.py:190} INFO - [2026-09-04T19:57:12.491+0000] {dag.py:4180} INFO - Setting next_dagrun for healthcare_analytics to None, run_after=None
[2026-09-04T19:57:12.499+0000] {processor.py:208} INFO - Processing /opt/airflow/dags/healthcare_claims_pipeline.py took 0.034 seconds
[2026-09-04T19:57:42.952+0000] {processor.py:186} INFO - Started process (PID=930) to work on /opt/airflow/dags/healthcare_claims_pipeline.py
[2026-09-04T19:57:42.953+0000] {processor.py:914} INFO - Processing file /opt/airflow/dags/healthcare_claims_pipeline.py for tasks to queue
[2026-09-04T19:57:42.954+0000] {logging_mixin.py:190} INFO - [2026-09-04T19:57:42.954+0000] {dagbag.py:588} INFO - Filling up the DagBag from /opt/airflow/dags/healthcare_claims_pipeline.py
[2026-09-04T19:57:42.960+0000] {processor.py:925} INFO - DAG(s) 'healthcare_analytics' retrieved from /opt/airflow/dags/healthcare_claims_pipeline.py
[2026-09-04T19:57:42.978+0000] {logging_mixin.py:190} INFO - [2026-09-04T19:57:42.978+0000] {dag.py:3239} INFO - Sync 1 DAGs
[2026-09-04T19:57:42.987+0000] {logging_mixin.py:190} INFO - [2026-09-04T19:57:42.987+0000] {dag.py:4180} INFO - Setting next_dagrun for healthcare_analytics to None, run_after=None
[2026-09-04T19:57:42.997+0000] {processor.py:208} INFO - Processing /opt/airflow/dags/healthcare_claims_pipeline.py took 0.049 seconds
[2026-09-04T19:58:13.231+0000] {processor.py:186} INFO - Started process (PID=935) to work on /opt/airflow/dags/healthcare_claims_pipeline.py
[2026-09-04T19:58:13.232+0000] {processor.py:914} INFO - Processing file /opt/airflow/dags/healthcare_claims_pipeline.py for tasks to queue
[2026-09-04T19:58:13.233+0000] {logging_mixin.py:190} INFO - [2026-09-04T19:58:13.233+0000] {dagbag.py:588} INFO - Filling up the DagBag from /opt/airflow/dags/healthcare_claims_pipeline.py
[2026-09-04T19:58:13.241+0000] {processor.py:925} INFO - DAG(s) 'healthcare_analytics' retrieved from /opt/airflow/dags/healthcare_claims_pipeline.py
[2026-09-04T19:58:13.260+0000] {logging_mixin.py:190} INFO - [2026-09-04T19:58:13.260+0000] {dag.py:3239} INFO - Sync 1 DAGs
[2026-09-04T19:58:13.269+0000] {logging_mixin.py:190} INFO - [2026-09-04T19:58:13.269+0000] {dag.py:4180} INFO - Setting next_dagrun for healthcare_analytics to None, run_after=None
[2026-09-04T19:58:13.280+0000] {processor.py:208} INFO - Processing /opt/airflow/dags/healthcare_claims_pipeline.py took 0.053 seconds
[2026-09-04T20:02:26.377+0000] {processor.py:186} INFO - Started process (PID=940) to work on /opt/airflow/dags/healthcare_claims_pipeline.py
[2026-09-04T20:02:26.377+0000] {processor.py:914} INFO - Processing file /opt/airflow/dags/healthcare_claims_pipeline.py for tasks to queue
[2026-09-04T20:02:26.378+0000] {logging_mixin.py:190} INFO - [2026-09-04T20:02:26.378+0000] {dagbag.py:588} INFO - Filling up the DagBag from /opt/airflow/dags/healthcare_claims_pipeline.py
[2026-09-04T20:02:26.382+0000] {processor.py:925} INFO - DAG(s) 'healthcare_analytics' retrieved from /opt/airflow/dags/healthcare_claims_pipeline.py
[2026-09-04T20:02:26.395+0000] {logging_mixin.py:190} INFO - [2026-09-04T20:02:26.395+0000] {dag.py:3239} INFO - Sync 1 DAGs
[2026-09-04T20:02:26.401+0000] {logging_mixin.py:190} INFO - [2026-09-04T20:02:26.401+0000] {dag.py:4180} INFO - Setting next_dagrun for healthcare_analytics to None, run_after=None
[2026-09-04T20:02:26.414+0000] {processor.py:208} INFO - Processing /opt/airflow/dags/healthcare_claims_pipeline.py took 0.040 seconds
[2026-09-04T20:02:56.643+0000] {processor.py:186} INFO - Started process (PID=945) to work on /opt/airflow/dags/healthcare_claims_pipeline.py
[2026-09-04T20:02:56.644+0000] {processor.py:914} INFO - Processing file /opt/airflow/dags/healthcare_claims_pipeline.py for tasks to queue
[2026-09-04T20:02:56.646+0000] {logging_mixin.py:190} INFO - [2026-09-04T20:02:56.645+0000] {dagbag.py:588} INFO - Filling up the DagBag from /opt/airflow/dags/healthcare_claims_pipeline.py
[2026-09-04T20:02:56.650+0000] {processor.py:925} INFO - DAG(s) 'healthcare_analytics' retrieved from /opt/airflow/dags/healthcare_claims_pipeline.py
[2026-09-04T20:02:56.664+0000] {logging_mixin.py:190} INFO - [2026-09-04T20:02:56.663+0000] {dag.py:3239} INFO - Sync 1 DAGs
[2026-09-04T20:02:56.669+0000] {logging_mixin.py:190} INFO - [2026-09-04T20:02:56.669+0000] {dag.py:4180} INFO - Setting next_dagrun for healthcare_analytics to None, run_after=None
[2026-09-04T20:02:56.676+0000] {processor.py:208} INFO - Processing /opt/airflow/dags/healthcare_claims_pipeline.py took 0.035 seconds
[2026-09-04T20:05:33.212+0000] {processor.py:186} INFO - Started process (PID=950) to work on /opt/airflow/dags/healthcare_claims_pipeline.py
[2026-09-04T20:05:33.213+0000] {processor.py:914} INFO - Processing file /opt/airflow/dags/healthcare_claims_pipeline.py for tasks to queue
[2026-09-04T20:05:33.214+0000] {logging_mixin.py:190} INFO - [2026-09-04T20:05:33.214+0000] {dagbag.py:588} INFO - Filling up the DagBag from /opt/airflow/dags/healthcare_claims_pipeline.py
[2026-09-04T20:05:33.224+0000] {processor.py:925} INFO - DAG(s) 'healthcare_analytics' retrieved from /opt/airflow/dags/healthcare_claims_pipeline.py
[2026-09-04T20:05:33.241+0000] {logging_mixin.py:190} INFO - [2026-09-04T20:05:33.241+0000] {dag.py:3239} INFO - Sync 1 DAGs
[2026-09-04T20:05:33.250+0000] {logging_mixin.py:190} INFO - [2026-09-04T20:05:33.249+0000] {dag.py:4180} INFO - Setting next_dagrun for healthcare_analytics to None, run_after=None
[2026-09-04T20:05:33.261+0000] {processor.py:208} INFO - Processing /opt/airflow/dags/healthcare_claims_pipeline.py took 0.051 seconds
[2026-09-04T20:06:03.391+0000] {processor.py:186} INFO - Started process (PID=955) to work on /opt/airflow/dags/healthcare_claims_pipeline.py
[2026-09-04T20:06:03.392+0000] {processor.py:914} INFO - Processing file /opt/airflow/dags/healthcare_claims_pipeline.py for tasks to queue
[2026-09-04T20:06:03.394+0000] {logging_mixin.py:190} INFO - [2026-09-04T20:06:03.393+0000] {dagbag.py:588} INFO - Filling up the DagBag from /opt/airflow/dags/healthcare_claims_pipeline.py
[2026-09-04T20:06:03.399+0000] {processor.py:925} INFO - DAG(s) 'healthcare_analytics' retrieved from /opt/airflow/dags/healthcare_claims_pipeline.py
[2026-09-04T20:06:03.412+0000] {logging_mixin.py:190} INFO - [2026-09-04T20:06:03.412+0000] {dag.py:3239} INFO - Sync 1 DAGs
[2026-09-04T20:06:03.419+0000] {logging_mixin.py:190} INFO - [2026-09-04T20:06:03.419+0000] {dag.py:4180} INFO - Setting next_dagrun for healthcare_analytics to None, run_after=None
[2026-09-04T20:06:03.428+0000] {processor.py:208} INFO - Processing /opt/airflow/dags/healthcare_claims_pipeline.py took 0.040 seconds
[2026-09-04T20:16:07.978+0000] {processor.py:186} INFO - Started process (PID=960) to work on /opt/airflow/dags/healthcare_claims_pipeline.py
[2026-09-04T20:16:07.978+0000] {processor.py:914} INFO - Processing file /opt/airflow/dags/healthcare_claims_pipeline.py for tasks to queue
[2026-09-04T20:16:07.981+0000] {logging_mixin.py:190} INFO - [2026-09-04T20:16:07.980+0000] {dagbag.py:588} INFO - Filling up the DagBag from /opt/airflow/dags/healthcare_claims_pipeline.py
[2026-09-04T20:16:07.987+0000] {processor.py:925} INFO - DAG(s) 'healthcare_analytics' retrieved from /opt/airflow/dags/healthcare_claims_pipeline.py
[2026-09-04T20:16:08.008+0000] {logging_mixin.py:190} INFO - [2026-09-04T20:16:08.008+0000] {dag.py:3239} INFO - Sync 1 DAGs
[2026-09-04T20:16:08.018+0000] {logging_mixin.py:190} INFO - [2026-09-04T20:16:08.018+0000] {dag.py:4180} INFO - Setting next_dagrun for healthcare_analytics to None, run_after=None
[2026-09-04T20:16:08.030+0000] {processor.py:208} INFO - Processing /opt/airflow/dags/healthcare_claims_pipeline.py took 0.058 seconds
[2026-09-04T20:16:38.172+0000] {processor.py:186} INFO - Started process (PID=965) to work on /opt/airflow/dags/healthcare_claims_pipeline.py
[2026-09-04T20:16:38.174+0000] {processor.py:914} INFO - Processing file /opt/airflow/dags/healthcare_claims_pipeline.py for tasks to queue
[2026-09-04T20:16:38.176+0000] {logging_mixin.py:190} INFO - [2026-09-04T20:16:38.175+0000] {dagbag.py:588} INFO - Filling up the DagBag from /opt/airflow/dags/healthcare_claims_pipeline.py
[2026-09-04T20:16:38.184+0000] {processor.py:925} INFO - DAG(s) 'healthcare_analytics' retrieved from /opt/airflow/dags/healthcare_claims_pipeline.py
[2026-09-04T20:16:38.204+0000] {logging_mixin.py:190} INFO - [2026-09-04T20:16:38.204+0000] {dag.py:3239} INFO - Sync 1 DAGs
[2026-09-04T20:16:38.213+0000] {logging_mixin.py:190} INFO - [2026-09-04T20:16:38.213+0000] {dag.py:4180} INFO - Setting next_dagrun for healthcare_analytics to None, run_after=None
[2026-09-04T20:16:38.225+0000] {processor.py:208} INFO - Processing /opt/airflow/dags/healthcare_claims_pipeline.py took 0.059 seconds
[2026-09-04T20:17:08.423+0000] {processor.py:186} INFO - Started process (PID=970) to work on /opt/airflow/dags/healthcare_claims_pipeline.py
[2026-09-04T20:17:08.424+0000] {processor.py:914} INFO - Processing file /opt/airflow/dags/healthcare_claims_pipeline.py for tasks to queue
[2026-09-04T20:17:08.426+0000] {logging_mixin.py:190} INFO - [2026-09-04T20:17:08.425+0000] {dagbag.py:588} INFO - Filling up the DagBag from /opt/airflow/dags/healthcare_claims_pipeline.py
[2026-09-04T20:17:08.432+0000] {processor.py:925} INFO - DAG(s) 'healthcare_analytics' retrieved from /opt/airflow/dags/healthcare_claims_pipeline.py
[2026-09-04T20:17:08.447+0000] {logging_mixin.py:190} INFO - [2026-09-04T20:17:08.447+0000] {dag.py:3239} INFO - Sync 1 DAGs
[2026-09-04T20:17:08.453+0000] {logging_mixin.py:190} INFO - [2026-09-04T20:17:08.452+0000] {dag.py:4180} INFO - Setting next_dagrun for healthcare_analytics to None, run_after=None
[2026-09-04T20:17:08.459+0000] {processor.py:208} INFO - Processing /opt/airflow/dags/healthcare_claims_pipeline.py took 0.042 seconds
[2026-09-04T20:17:38.691+0000] {processor.py:186} INFO - Started process (PID=975) to work on /opt/airflow/dags/healthcare_claims_pipeline.py
[2026-09-04T20:17:38.692+0000] {processor.py:914} INFO - Processing file /opt/airflow/dags/healthcare_claims_pipeline.py for tasks to queue
[2026-09-04T20:17:38.693+0000] {logging_mixin.py:190} INFO - [2026-09-04T20:17:38.693+0000] {dagbag.py:588} INFO - Filling up the DagBag from /opt/airflow/dags/healthcare_claims_pipeline.py
[2026-09-04T20:17:38.698+0000] {processor.py:925} INFO - DAG(s) 'healthcare_analytics' retrieved from /opt/airflow/dags/healthcare_claims_pipeline.py
[2026-09-04T20:17:38.712+0000] {logging_mixin.py:190} INFO - [2026-09-04T20:17:38.711+0000] {dag.py:3239} INFO - Sync 1 DAGs
[2026-09-04T20:17:38.717+0000] {logging_mixin.py:190} INFO - [2026-09-04T20:17:38.717+0000] {dag.py:4180} INFO - Setting next_dagrun for healthcare_analytics to None, run_after=None
[2026-09-04T20:17:38.725+0000] {processor.py:208} INFO - Processing /opt/airflow/dags/healthcare_claims_pipeline.py took 0.037 seconds
[2026-09-04T20:18:08.958+0000] {processor.py:186} INFO - Started process (PID=980) to work on /opt/airflow/dags/healthcare_claims_pipeline.py
[2026-09-04T20:18:08.958+0000] {processor.py:914} INFO - Processing file /opt/airflow/dags/healthcare_claims_pipeline.py for tasks to queue
[2026-09-04T20:18:08.960+0000] {logging_mixin.py:190} INFO - [2026-09-04T20:18:08.960+0000] {dagbag.py:588} INFO - Filling up the DagBag from /opt/airflow/dags/healthcare_claims_pipeline.py
[2026-09-04T20:18:08.966+0000] {processor.py:925} INFO - DAG(s) 'healthcare_analytics' retrieved from /opt/airflow/dags/healthcare_claims_pipeline.py
[2026-09-04T20:18:08.981+0000] {logging_mixin.py:190} INFO - [2026-09-04T20:18:08.981+0000] {dag.py:3239} INFO - Sync 1 DAGs
[2026-09-04T20:18:08.987+0000] {logging_mixin.py:190} INFO - [2026-09-04T20:18:08.987+0000] {dag.py:4180} INFO - Setting next_dagrun for healthcare_analytics to None, run_after=None
[2026-09-04T20:18:08.994+0000] {processor.py:208} INFO - Processing /opt/airflow/dags/healthcare_claims_pipeline.py took 0.040 seconds
[2026-09-04T20:18:39.255+0000] {processor.py:186} INFO - Started process (PID=985) to work on /opt/airflow/dags/healthcare_claims_pipeline.py
[2026-09-04T20:18:39.256+0000] {processor.py:914} INFO - Processing file /opt/airflow/dags/healthcare_claims_pipeline.py for tasks to queue
[2026-09-04T20:18:39.258+0000] {logging_mixin.py:190} INFO - [2026-09-04T20:18:39.258+0000] {dagbag.py:588} INFO - Filling up the DagBag from /opt/airflow/dags/healthcare_claims_pipeline.py
[2026-09-04T20:18:39.266+0000] {processor.py:925} INFO - DAG(s) 'healthcare_analytics' retrieved from /opt/airflow/dags/healthcare_claims_pipeline.py
[2026-09-04T20:18:39.284+0000] {logging_mixin.py:190} INFO - [2026-09-04T20:18:39.284+0000] {dag.py:3239} INFO - Sync 1 DAGs
[2026-09-04T20:18:39.291+0000] {logging_mixin.py:190} INFO - [2026-09-04T20:18:39.291+0000] {dag.py:4180} INFO - Setting next_dagrun for healthcare_analytics to None, run_after=None
[2026-09-04T20:18:39.298+0000] {processor.py:208} INFO - Processing /opt/airflow/dags/healthcare_claims_pipeline.py took 0.048 seconds
[2026-09-04T20:19:09.510+0000] {processor.py:186} INFO - Started process (PID=990) to work on /opt/airflow/dags/healthcare_claims_pipeline.py
[2026-09-04T20:19:09.511+0000] {processor.py:914} INFO - Processing file /opt/airflow/dags/healthcare_claims_pipeline.py for tasks to queue
[2026-09-04T20:19:09.513+0000] {logging_mixin.py:190} INFO - [2026-09-04T20:19:09.512+0000] {dagbag.py:588} INFO - Filling up the DagBag from /opt/airflow/dags/healthcare_claims_pipeline.py
[2026-09-04T20:19:09.519+0000] {processor.py:925} INFO - DAG(s) 'healthcare_analytics' retrieved from /opt/airflow/dags/healthcare_claims_pipeline.py
[2026-09-04T20:19:09.536+0000] {logging_mixin.py:190} INFO - [2026-09-04T20:19:09.536+0000] {dag.py:3239} INFO - Sync 1 DAGs
[2026-09-04T20:19:09.543+0000] {logging_mixin.py:190} INFO - [2026-09-04T20:19:09.543+0000] {dag.py:4180} INFO - Setting next_dagrun for healthcare_analytics to None, run_after=None
[2026-09-04T20:19:09.551+0000] {processor.py:208} INFO - Processing /opt/airflow/dags/healthcare_claims_pipeline.py took 0.045 seconds
[2026-09-04T20:19:39.783+0000] {processor.py:186} INFO - Started process (PID=995) to work on /opt/airflow/dags/healthcare_claims_pipeline.py
[2026-09-04T20:19:39.784+0000] {processor.py:914} INFO - Processing file /opt/airflow/dags/healthcare_claims_pipeline.py for tasks to queue
[2026-09-04T20:19:39.786+0000] {logging_mixin.py:190} INFO - [2026-09-04T20:19:39.786+0000] {dagbag.py:588} INFO - Filling up the DagBag from /opt/airflow/dags/healthcare_claims_pipeline.py
[2026-09-04T20:19:39.793+0000] {processor.py:925} INFO - DAG(s) 'healthcare_analytics' retrieved from /opt/airflow/dags/healthcare_claims_pipeline.py
[2026-09-04T20:19:39.809+0000] {logging_mixin.py:190} INFO - [2026-09-04T20:19:39.808+0000] {dag.py:3239} INFO - Sync 1 DAGs
[2026-09-04T20:19:39.815+0000] {logging_mixin.py:190} INFO - [2026-09-04T20:19:39.815+0000] {dag.py:4180} INFO - Setting next_dagrun for healthcare_analytics to None, run_after=None
[2026-09-04T20:19:39.822+0000] {processor.py:208} INFO - Processing /opt/airflow/dags/healthcare_claims_pipeline.py took 0.044 seconds
[2026-09-04T20:20:09.979+0000] {processor.py:186} INFO - Started process (PID=1000) to work on /opt/airflow/dags/healthcare_claims_pipeline.py
[2026-09-04T20:20:09.979+0000] {processor.py:914} INFO - Processing file /opt/airflow/dags/healthcare_claims_pipeline.py for tasks to queue
[2026-09-04T20:20:09.981+0000] {logging_mixin.py:190} INFO - [2026-09-04T20:20:09.980+0000] {dagbag.py:588} INFO - Filling up the DagBag from /opt/airflow/dags/healthcare_claims_pipeline.py
[2026-09-04T20:20:09.985+0000] {processor.py:925} INFO - DAG(s) 'healthcare_analytics' retrieved from /opt/airflow/dags/healthcare_claims_pipeline.py
[2026-09-04T20:20:09.996+0000] {logging_mixin.py:190} INFO - [2026-09-04T20:20:09.996+0000] {dag.py:3239} INFO - Sync 1 DAGs
[2026-09-04T20:20:10.001+0000] {logging_mixin.py:190} INFO - [2026-09-04T20:20:10.001+0000] {dag.py:4180} INFO - Setting next_dagrun for healthcare_analytics to None, run_after=None
[2026-09-04T20:20:10.007+0000] {processor.py:208} INFO - Processing /opt/airflow/dags/healthcare_claims_pipeline.py took 0.031 seconds
[2026-09-04T20:20:40.225+0000] {processor.py:186} INFO - Started process (PID=1005) to work on /opt/airflow/dags/healthcare_claims_pipeline.py
[2026-09-04T20:20:40.226+0000] {processor.py:914} INFO - Processing file /opt/airflow/dags/healthcare_claims_pipeline.py for tasks to queue
[2026-09-04T20:20:40.227+0000] {logging_mixin.py:190} INFO - [2026-09-04T20:20:40.227+0000] {dagbag.py:588} INFO - Filling up the DagBag from /opt/airflow/dags/healthcare_claims_pipeline.py
[2026-09-04T20:20:40.231+0000] {processor.py:925} INFO - DAG(s) 'healthcare_analytics' retrieved from /opt/airflow/dags/healthcare_claims_pipeline.py
[2026-09-04T20:20:40.242+0000] {logging_mixin.py:190} INFO - [2026-09-04T20:20:40.242+0000] {dag.py:3239} INFO - Sync 1 DAGs
[2026-09-04T20:20:40.247+0000] {logging_mixin.py:190} INFO - [2026-09-04T20:20:40.247+0000] {dag.py:4180} INFO - Setting next_dagrun for healthcare_analytics to None, run_after=None
[2026-09-04T20:20:40.254+0000] {processor.py:208} INFO - Processing /opt/airflow/dags/healthcare_claims_pipeline.py took 0.031 seconds
[2026-09-04T20:21:10.506+0000] {processor.py:186} INFO - Started process (PID=1010) to work on /opt/airflow/dags/healthcare_claims_pipeline.py
[2026-09-04T20:21:10.507+0000] {processor.py:914} INFO - Processing file /opt/airflow/dags/healthcare_claims_pipeline.py for tasks to queue
[2026-09-04T20:21:10.508+0000] {logging_mixin.py:190} INFO - [2026-09-04T20:21:10.507+0000] {dagbag.py:588} INFO - Filling up the DagBag from /opt/airflow/dags/healthcare_claims_pipeline.py
[2026-09-04T20:21:10.511+0000] {processor.py:925} INFO - DAG(s) 'healthcare_analytics' retrieved from /opt/airflow/dags/healthcare_claims_pipeline.py
[2026-09-04T20:21:10.522+0000] {logging_mixin.py:190} INFO - [2026-09-04T20:21:10.522+0000] {dag.py:3239} INFO - Sync 1 DAGs
[2026-09-04T20:21:10.526+0000] {logging_mixin.py:190} INFO - [2026-09-04T20:21:10.526+0000] {dag.py:4180} INFO - Setting next_dagrun for healthcare_analytics to None, run_after=None
[2026-09-04T20:21:10.532+0000] {processor.py:208} INFO - Processing /opt/airflow/dags/healthcare_claims_pipeline.py took 0.028 seconds
[2026-09-04T20:21:40.755+0000] {processor.py:186} INFO - Started process (PID=1015) to work on /opt/airflow/dags/healthcare_claims_pipeline.py
[2026-09-04T20:21:40.755+0000] {processor.py:914} INFO - Processing file /opt/airflow/dags/healthcare_claims_pipeline.py for tasks to queue
[2026-09-04T20:21:40.756+0000] {logging_mixin.py:190} INFO - [2026-09-04T20:21:40.756+0000] {dagbag.py:588} INFO - Filling up the DagBag from /opt/airflow/dags/healthcare_claims_pipeline.py
[2026-09-04T20:21:40.761+0000] {processor.py:925} INFO - DAG(s) 'healthcare_analytics' retrieved from /opt/airflow/dags/healthcare_claims_pipeline.py
[2026-09-04T20:21:40.776+0000] {logging_mixin.py:190} INFO - [2026-09-04T20:21:40.776+0000] {dag.py:3239} INFO - Sync 1 DAGs
[2026-09-04T20:21:40.782+0000] {logging_mixin.py:190} INFO - [2026-09-04T20:21:40.782+0000] {dag.py:4180} INFO - Setting next_dagrun for healthcare_analytics to None, run_after=None
[2026-09-04T20:21:40.790+0000] {processor.py:208} INFO - Processing /opt/airflow/dags/healthcare_claims_pipeline.py took 0.038 seconds
[2026-09-04T20:22:10.975+0000] {processor.py:186} INFO - Started process (PID=1020) to work on /opt/airflow/dags/healthcare_claims_pipeline.py
[2026-09-04T20:22:10.976+0000] {processor.py:914} INFO - Processing file /opt/airflow/dags/healthcare_claims_pipeline.py for tasks to queue
[2026-09-04T20:22:10.977+0000] {logging_mixin.py:190} INFO - [2026-09-04T20:22:10.977+0000] {dagbag.py:588} INFO - Filling up the DagBag from /opt/airflow/dags/healthcare_claims_pipeline.py
[2026-09-04T20:22:10.982+0000] {processor.py:925} INFO - DAG(s) 'healthcare_analytics' retrieved from /opt/airflow/dags/healthcare_claims_pipeline.py
[2026-09-04T20:22:10.996+0000] {logging_mixin.py:190} INFO - [2026-09-04T20:22:10.995+0000] {dag.py:3239} INFO - Sync 1 DAGs
[2026-09-04T20:22:11.001+0000] {logging_mixin.py:190} INFO - [2026-09-04T20:22:11.001+0000] {dag.py:4180} INFO - Setting next_dagrun for healthcare_analytics to None, run_after=None
[2026-09-04T20:22:11.008+0000] {processor.py:208} INFO - Processing /opt/airflow/dags/healthcare_claims_pipeline.py took 0.036 seconds
[2026-09-04T20:22:41.225+0000] {processor.py:186} INFO - Started process (PID=1025) to work on /opt/airflow/dags/healthcare_claims_pipeline.py
[2026-09-04T20:22:41.226+0000] {processor.py:914} INFO - Processing file /opt/airflow/dags/healthcare_claims_pipeline.py for tasks to queue
[2026-09-04T20:22:41.228+0000] {logging_mixin.py:190} INFO - [2026-09-04T20:22:41.227+0000] {dagbag.py:588} INFO - Filling up the DagBag from /opt/airflow/dags/healthcare_claims_pipeline.py
[2026-09-04T20:22:41.235+0000] {processor.py:925} INFO - DAG(s) 'healthcare_analytics' retrieved from /opt/airflow/dags/healthcare_claims_pipeline.py
[2026-09-04T20:22:41.252+0000] {logging_mixin.py:190} INFO - [2026-09-04T20:22:41.252+0000] {dag.py:3239} INFO - Sync 1 DAGs
[2026-09-04T20:22:41.259+0000] {logging_mixin.py:190} INFO - [2026-09-04T20:22:41.259+0000] {dag.py:4180} INFO - Setting next_dagrun for healthcare_analytics to None, run_after=None
[2026-09-04T20:22:41.269+0000] {processor.py:208} INFO - Processing /opt/airflow/dags/healthcare_claims_pipeline.py took 0.049 seconds
[2026-09-04T20:23:11.459+0000] {processor.py:186} INFO - Started process (PID=1030) to work on /opt/airflow/dags/healthcare_claims_pipeline.py
[2026-09-04T20:23:11.459+0000] {processor.py:914} INFO - Processing file /opt/airflow/dags/healthcare_claims_pipeline.py for tasks to queue
[2026-09-04T20:23:11.461+0000] {logging_mixin.py:190} INFO - [2026-09-04T20:23:11.461+0000] {dagbag.py:588} INFO - Filling up the DagBag from /opt/airflow/dags/healthcare_claims_pipeline.py
[2026-09-04T20:23:11.467+0000] {processor.py:925} INFO - DAG(s) 'healthcare_analytics' retrieved from /opt/airflow/dags/healthcare_claims_pipeline.py
[2026-09-04T20:23:11.483+0000] {logging_mixin.py:190} INFO - [2026-09-04T20:23:11.483+0000] {dag.py:3239} INFO - Sync 1 DAGs
[2026-09-04T20:23:11.489+0000] {logging_mixin.py:190} INFO - [2026-09-04T20:23:11.489+0000] {dag.py:4180} INFO - Setting next_dagrun for healthcare_analytics to None, run_after=None
[2026-09-04T20:23:11.496+0000] {processor.py:208} INFO - Processing /opt/airflow/dags/healthcare_claims_pipeline.py took 0.042 seconds
[2026-09-04T20:23:41.736+0000] {processor.py:186} INFO - Started process (PID=1035) to work on /opt/airflow/dags/healthcare_claims_pipeline.py
[2026-09-04T20:23:41.737+0000] {processor.py:914} INFO - Processing file /opt/airflow/dags/healthcare_claims_pipeline.py for tasks to queue
[2026-09-04T20:23:41.739+0000] {logging_mixin.py:190} INFO - [2026-09-04T20:23:41.739+0000] {dagbag.py:588} INFO - Filling up the DagBag from /opt/airflow/dags/healthcare_claims_pipeline.py
[2026-09-04T20:23:41.745+0000] {processor.py:925} INFO - DAG(s) 'healthcare_analytics' retrieved from /opt/airflow/dags/healthcare_claims_pipeline.py
[2026-09-04T20:23:41.763+0000] {logging_mixin.py:190} INFO - [2026-09-04T20:23:41.763+0000] {dag.py:3239} INFO - Sync 1 DAGs
[2026-09-04T20:23:41.770+0000] {logging_mixin.py:190} INFO - [2026-09-04T20:23:41.770+0000] {dag.py:4180} INFO - Setting next_dagrun for healthcare_analytics to None, run_after=None
[2026-09-04T20:23:41.780+0000] {processor.py:208} INFO - Processing /opt/airflow/dags/healthcare_claims_pipeline.py took 0.047 seconds
[2026-09-04T20:24:11.994+0000] {processor.py:186} INFO - Started process (PID=1040) to work on /opt/airflow/dags/healthcare_claims_pipeline.py
[2026-09-04T20:24:11.994+0000] {processor.py:914} INFO - Processing file /opt/airflow/dags/healthcare_claims_pipeline.py for tasks to queue
[2026-09-04T20:24:11.996+0000] {logging_mixin.py:190} INFO - [2026-09-04T20:24:11.996+0000] {dagbag.py:588} INFO - Filling up the DagBag from /opt/airflow/dags/healthcare_claims_pipeline.py
[2026-09-04T20:24:12.000+0000] {processor.py:925} INFO - DAG(s) 'healthcare_analytics' retrieved from /opt/airflow/dags/healthcare_claims_pipeline.py
[2026-09-04T20:24:12.014+0000] {logging_mixin.py:190} INFO - [2026-09-04T20:24:12.014+0000] {dag.py:3239} INFO - Sync 1 DAGs
[2026-09-04T20:24:12.020+0000] {logging_mixin.py:190} INFO - [2026-09-04T20:24:12.020+0000] {dag.py:4180} INFO - Setting next_dagrun for healthcare_analytics to None, run_after=None
[2026-09-04T20:24:12.027+0000] {processor.py:208} INFO - Processing /opt/airflow/dags/healthcare_claims_pipeline.py took 0.036 seconds
[2026-09-04T20:24:42.243+0000] {processor.py:186} INFO - Started process (PID=1045) to work on /opt/airflow/dags/healthcare_claims_pipeline.py
[2026-09-04T20:24:42.244+0000] {processor.py:914} INFO - Processing file /opt/airflow/dags/healthcare_claims_pipeline.py for tasks to queue
[2026-09-04T20:24:42.245+0000] {logging_mixin.py:190} INFO - [2026-09-04T20:24:42.245+0000] {dagbag.py:588} INFO - Filling up the DagBag from /opt/airflow/dags/healthcare_claims_pipeline.py
[2026-09-04T20:24:42.249+0000] {processor.py:925} INFO - DAG(s) 'healthcare_analytics' retrieved from /opt/airflow/dags/healthcare_claims_pipeline.py
[2026-09-04T20:24:42.262+0000] {logging_mixin.py:190} INFO - [2026-09-04T20:24:42.262+0000] {dag.py:3239} INFO - Sync 1 DAGs
[2026-09-04T20:24:42.269+0000] {logging_mixin.py:190} INFO - [2026-09-04T20:24:42.268+0000] {dag.py:4180} INFO - Setting next_dagrun for healthcare_analytics to None, run_after=None
[2026-09-04T20:24:42.276+0000] {processor.py:208} INFO - Processing /opt/airflow/dags/healthcare_claims_pipeline.py took 0.036 seconds
[2026-09-04T20:25:12.508+0000] {processor.py:186} INFO - Started process (PID=1050) to work on /opt/airflow/dags/healthcare_claims_pipeline.py
[2026-09-04T20:25:12.509+0000] {processor.py:914} INFO - Processing file /opt/airflow/dags/healthcare_claims_pipeline.py for tasks to queue
[2026-09-04T20:25:12.511+0000] {logging_mixin.py:190} INFO - [2026-09-04T20:25:12.511+0000] {dagbag.py:588} INFO - Filling up the DagBag from /opt/airflow/dags/healthcare_claims_pipeline.py
[2026-09-04T20:25:12.518+0000] {processor.py:925} INFO - DAG(s) 'healthcare_analytics' retrieved from /opt/airflow/dags/healthcare_claims_pipeline.py
[2026-09-04T20:25:12.539+0000] {logging_mixin.py:190} INFO - [2026-09-04T20:25:12.539+0000] {dag.py:3239} INFO - Sync 1 DAGs
[2026-09-04T20:25:12.546+0000] {logging_mixin.py:190} INFO - [2026-09-04T20:25:12.546+0000] {dag.py:4180} INFO - Setting next_dagrun for healthcare_analytics to None, run_after=None
[2026-09-04T20:25:12.554+0000] {processor.py:208} INFO - Processing /opt/airflow/dags/healthcare_claims_pipeline.py took 0.051 seconds
[2026-09-04T20:25:42.791+0000] {processor.py:186} INFO - Started process (PID=1055) to work on /opt/airflow/dags/healthcare_claims_pipeline.py
[2026-09-04T20:25:42.792+0000] {processor.py:914} INFO - Processing file /opt/airflow/dags/healthcare_claims_pipeline.py for tasks to queue
[2026-09-04T20:25:42.794+0000] {logging_mixin.py:190} INFO - [2026-09-04T20:25:42.793+0000] {dagbag.py:588} INFO - Filling up the DagBag from /opt/airflow/dags/healthcare_claims_pipeline.py
[2026-09-04T20:25:42.801+0000] {processor.py:925} INFO - DAG(s) 'healthcare_analytics' retrieved from /opt/airflow/dags/healthcare_claims_pipeline.py
[2026-09-04T20:25:42.817+0000] {logging_mixin.py:190} INFO - [2026-09-04T20:25:42.817+0000] {dag.py:3239} INFO - Sync 1 DAGs
[2026-09-04T20:25:42.823+0000] {logging_mixin.py:190} INFO - [2026-09-04T20:25:42.823+0000] {dag.py:4180} INFO - Setting next_dagrun for healthcare_analytics to None, run_after=None
[2026-09-04T20:25:42.831+0000] {processor.py:208} INFO - Processing /opt/airflow/dags/healthcare_claims_pipeline.py took 0.045 seconds
[2026-09-04T20:26:13.045+0000] {processor.py:186} INFO - Started process (PID=1060) to work on /opt/airflow/dags/healthcare_claims_pipeline.py
[2026-09-04T20:26:13.046+0000] {processor.py:914} INFO - Processing file /opt/airflow/dags/healthcare_claims_pipeline.py for tasks to queue
[2026-09-04T20:26:13.047+0000] {logging_mixin.py:190} INFO - [2026-09-04T20:26:13.046+0000] {dagbag.py:588} INFO - Filling up the DagBag from /opt/airflow/dags/healthcare_claims_pipeline.py
[2026-09-04T20:26:13.051+0000] {processor.py:925} INFO - DAG(s) 'healthcare_analytics' retrieved from /opt/airflow/dags/healthcare_claims_pipeline.py
[2026-09-04T20:26:13.065+0000] {logging_mixin.py:190} INFO - [2026-09-04T20:26:13.065+0000] {dag.py:3239} INFO - Sync 1 DAGs
[2026-09-04T20:26:13.071+0000] {logging_mixin.py:190} INFO - [2026-09-04T20:26:13.070+0000] {dag.py:4180} INFO - Setting next_dagrun for healthcare_analytics to None, run_after=None
[2026-09-04T20:26:13.077+0000] {processor.py:208} INFO - Processing /opt/airflow/dags/healthcare_claims_pipeline.py took 0.035 seconds
[2026-09-04T20:26:43.323+0000] {processor.py:186} INFO - Started process (PID=1065) to work on /opt/airflow/dags/healthcare_claims_pipeline.py
[2026-09-04T20:26:43.324+0000] {processor.py:914} INFO - Processing file /opt/airflow/dags/healthcare_claims_pipeline.py for tasks to queue
[2026-09-04T20:26:43.325+0000] {logging_mixin.py:190} INFO - [2026-09-04T20:26:43.325+0000] {dagbag.py:588} INFO - Filling up the DagBag from /opt/airflow/dags/healthcare_claims_pipeline.py
[2026-09-04T20:26:43.332+0000] {processor.py:925} INFO - DAG(s) 'healthcare_analytics' retrieved from /opt/airflow/dags/healthcare_claims_pipeline.py
[2026-09-04T20:26:43.348+0000] {logging_mixin.py:190} INFO - [2026-09-04T20:26:43.348+0000] {dag.py:3239} INFO - Sync 1 DAGs
[2026-09-04T20:26:43.356+0000] {logging_mixin.py:190} INFO - [2026-09-04T20:26:43.355+0000] {dag.py:4180} INFO - Setting next_dagrun for healthcare_analytics to None, run_after=None
[2026-09-04T20:26:43.364+0000] {processor.py:208} INFO - Processing /opt/airflow/dags/healthcare_claims_pipeline.py took 0.045 seconds
[2026-09-04T20:27:13.585+0000] {processor.py:186} INFO - Started process (PID=1070) to work on /opt/airflow/dags/healthcare_claims_pipeline.py
[2026-09-04T20:27:13.586+0000] {processor.py:914} INFO - Processing file /opt/airflow/dags/healthcare_claims_pipeline.py for tasks to queue
[2026-09-04T20:27:13.588+0000] {logging_mixin.py:190} INFO - [2026-09-04T20:27:13.588+0000] {dagbag.py:588} INFO - Filling up the DagBag from /opt/airflow/dags/healthcare_claims_pipeline.py
[2026-09-04T20:27:13.594+0000] {processor.py:925} INFO - DAG(s) 'healthcare_analytics' retrieved from /opt/airflow/dags/healthcare_claims_pipeline.py
[2026-09-04T20:27:13.611+0000] {logging_mixin.py:190} INFO - [2026-09-04T20:27:13.611+0000] {dag.py:3239} INFO - Sync 1 DAGs
[2026-09-04T20:27:13.617+0000] {logging_mixin.py:190} INFO - [2026-09-04T20:27:13.617+0000] {dag.py:4180} INFO - Setting next_dagrun for healthcare_analytics to None, run_after=None
[2026-09-04T20:27:13.624+0000] {processor.py:208} INFO - Processing /opt/airflow/dags/healthcare_claims_pipeline.py took 0.044 seconds
[2026-09-04T20:27:43.813+0000] {processor.py:186} INFO - Started process (PID=1075) to work on /opt/airflow/dags/healthcare_claims_pipeline.py
[2026-09-04T20:27:43.814+0000] {processor.py:914} INFO - Processing file /opt/airflow/dags/healthcare_claims_pipeline.py for tasks to queue
[2026-09-04T20:27:43.815+0000] {logging_mixin.py:190} INFO - [2026-09-04T20:27:43.815+0000] {dagbag.py:588} INFO - Filling up the DagBag from /opt/airflow/dags/healthcare_claims_pipeline.py
[2026-09-04T20:27:43.820+0000] {processor.py:925} INFO - DAG(s) 'healthcare_analytics' retrieved from /opt/airflow/dags/healthcare_claims_pipeline.py
[2026-09-04T20:27:43.833+0000] {logging_mixin.py:190} INFO - [2026-09-04T20:27:43.833+0000] {dag.py:3239} INFO - Sync 1 DAGs
[2026-09-04T20:27:43.839+0000] {logging_mixin.py:190} INFO - [2026-09-04T20:27:43.839+0000] {dag.py:4180} INFO - Setting next_dagrun for healthcare_analytics to None, run_after=None
[2026-09-04T20:27:43.847+0000] {processor.py:208} INFO - Processing /opt/airflow/dags/healthcare_claims_pipeline.py took 0.037 seconds
[2026-09-04T20:28:14.034+0000] {processor.py:186} INFO - Started process (PID=1080) to work on /opt/airflow/dags/healthcare_claims_pipeline.py
[2026-09-04T20:28:14.035+0000] {processor.py:914} INFO - Processing file /opt/airflow/dags/healthcare_claims_pipeline.py for tasks to queue
[2026-09-04T20:28:14.037+0000] {logging_mixin.py:190} INFO - [2026-09-04T20:28:14.037+0000] {dagbag.py:588} INFO - Filling up the DagBag from /opt/airflow/dags/healthcare_claims_pipeline.py
[2026-09-04T20:28:14.043+0000] {processor.py:925} INFO - DAG(s) 'healthcare_analytics' retrieved from /opt/airflow/dags/healthcare_claims_pipeline.py
[2026-09-04T20:28:14.060+0000] {logging_mixin.py:190} INFO - [2026-09-04T20:28:14.060+0000] {dag.py:3239} INFO - Sync 1 DAGs
[2026-09-04T20:28:14.066+0000] {logging_mixin.py:190} INFO - [2026-09-04T20:28:14.066+0000] {dag.py:4180} INFO - Setting next_dagrun for healthcare_analytics to None, run_after=None
[2026-09-04T20:28:14.073+0000] {processor.py:208} INFO - Processing /opt/airflow/dags/healthcare_claims_pipeline.py took 0.043 seconds
[2026-09-04T20:28:44.273+0000] {processor.py:186} INFO - Started process (PID=1085) to work on /opt/airflow/dags/healthcare_claims_pipeline.py
[2026-09-04T20:28:44.273+0000] {processor.py:914} INFO - Processing file /opt/airflow/dags/healthcare_claims_pipeline.py for tasks to queue
[2026-09-04T20:28:44.276+0000] {logging_mixin.py:190} INFO - [2026-09-04T20:28:44.275+0000] {dagbag.py:588} INFO - Filling up the DagBag from /opt/airflow/dags/healthcare_claims_pipeline.py
[2026-09-04T20:28:44.282+0000] {processor.py:925} INFO - DAG(s) 'healthcare_analytics' retrieved from /opt/airflow/dags/healthcare_claims_pipeline.py
[2026-09-04T20:28:44.298+0000] {logging_mixin.py:190} INFO - [2026-09-04T20:28:44.298+0000] {dag.py:3239} INFO - Sync 1 DAGs
[2026-09-04T20:28:44.304+0000] {logging_mixin.py:190} INFO - [2026-09-04T20:28:44.304+0000] {dag.py:4180} INFO - Setting next_dagrun for healthcare_analytics to None, run_after=None
[2026-09-04T20:28:44.311+0000] {processor.py:208} INFO - Processing /opt/airflow/dags/healthcare_claims_pipeline.py took 0.043 seconds
[2026-09-04T20:29:14.493+0000] {processor.py:186} INFO - Started process (PID=1090) to work on /opt/airflow/dags/healthcare_claims_pipeline.py
[2026-09-04T20:29:14.494+0000] {processor.py:914} INFO - Processing file /opt/airflow/dags/healthcare_claims_pipeline.py for tasks to queue
[2026-09-04T20:29:14.495+0000] {logging_mixin.py:190} INFO - [2026-09-04T20:29:14.495+0000] {dagbag.py:588} INFO - Filling up the DagBag from /opt/airflow/dags/healthcare_claims_pipeline.py
[2026-09-04T20:29:14.500+0000] {processor.py:925} INFO - DAG(s) 'healthcare_analytics' retrieved from /opt/airflow/dags/healthcare_claims_pipeline.py
[2026-09-04T20:29:14.513+0000] {logging_mixin.py:190} INFO - [2026-09-04T20:29:14.513+0000] {dag.py:3239} INFO - Sync 1 DAGs
[2026-09-04T20:29:14.519+0000] {logging_mixin.py:190} INFO - [2026-09-04T20:29:14.519+0000] {dag.py:4180} INFO - Setting next_dagrun for healthcare_analytics to None, run_after=None
[2026-09-04T20:29:14.525+0000] {processor.py:208} INFO - Processing /opt/airflow/dags/healthcare_claims_pipeline.py took 0.035 seconds
[2026-09-04T20:29:44.770+0000] {processor.py:186} INFO - Started process (PID=1095) to work on /opt/airflow/dags/healthcare_claims_pipeline.py
[2026-09-04T20:29:44.770+0000] {processor.py:914} INFO - Processing file /opt/airflow/dags/healthcare_claims_pipeline.py for tasks to queue
[2026-09-04T20:29:44.772+0000] {logging_mixin.py:190} INFO - [2026-09-04T20:29:44.772+0000] {dagbag.py:588} INFO - Filling up the DagBag from /opt/airflow/dags/healthcare_claims_pipeline.py
[2026-09-04T20:29:44.779+0000] {processor.py:925} INFO - DAG(s) 'healthcare_analytics' retrieved from /opt/airflow/dags/healthcare_claims_pipeline.py
[2026-09-04T20:29:44.796+0000] {logging_mixin.py:190} INFO - [2026-09-04T20:29:44.796+0000] {dag.py:3239} INFO - Sync 1 DAGs
[2026-09-04T20:29:44.803+0000] {logging_mixin.py:190} INFO - [2026-09-04T20:29:44.802+0000] {dag.py:4180} INFO - Setting next_dagrun for healthcare_analytics to None, run_after=None
[2026-09-04T20:29:44.810+0000] {processor.py:208} INFO - Processing /opt/airflow/dags/healthcare_claims_pipeline.py took 0.045 seconds
[2026-09-04T20:30:15.017+0000] {processor.py:186} INFO - Started process (PID=1100) to work on /opt/airflow/dags/healthcare_claims_pipeline.py
[2026-09-04T20:30:15.018+0000] {processor.py:914} INFO - Processing file /opt/airflow/dags/healthcare_claims_pipeline.py for tasks to queue
[2026-09-04T20:30:15.020+0000] {logging_mixin.py:190} INFO - [2026-09-04T20:30:15.019+0000] {dagbag.py:588} INFO - Filling up the DagBag from /opt/airflow/dags/healthcare_claims_pipeline.py
[2026-09-04T20:30:15.027+0000] {processor.py:925} INFO - DAG(s) 'healthcare_analytics' retrieved from /opt/airflow/dags/healthcare_claims_pipeline.py
[2026-09-04T20:30:15.046+0000] {logging_mixin.py:190} INFO - [2026-09-04T20:30:15.046+0000] {dag.py:3239} INFO - Sync 1 DAGs
[2026-09-04T20:30:15.053+0000] {logging_mixin.py:190} INFO - [2026-09-04T20:30:15.053+0000] {dag.py:4180} INFO - Setting next_dagrun for healthcare_analytics to None, run_after=None
[2026-09-04T20:30:15.062+0000] {processor.py:208} INFO - Processing /opt/airflow/dags/healthcare_claims_pipeline.py took 0.050 seconds
[2026-09-04T20:30:45.290+0000] {processor.py:186} INFO - Started process (PID=1105) to work on /opt/airflow/dags/healthcare_claims_pipeline.py
[2026-09-04T20:30:45.291+0000] {processor.py:914} INFO - Processing file /opt/airflow/dags/healthcare_claims_pipeline.py for tasks to queue
[2026-09-04T20:30:45.293+0000] {logging_mixin.py:190} INFO - [2026-09-04T20:30:45.293+0000] {dagbag.py:588} INFO - Filling up the DagBag from /opt/airflow/dags/healthcare_claims_pipeline.py
[2026-09-04T20:30:45.300+0000] {processor.py:925} INFO - DAG(s) 'healthcare_analytics' retrieved from /opt/airflow/dags/healthcare_claims_pipeline.py
[2026-09-04T20:30:45.316+0000] {logging_mixin.py:190} INFO - [2026-09-04T20:30:45.316+0000] {dag.py:3239} INFO - Sync 1 DAGs
[2026-09-04T20:30:45.322+0000] {logging_mixin.py:190} INFO - [2026-09-04T20:30:45.322+0000] {dag.py:4180} INFO - Setting next_dagrun for healthcare_analytics to None, run_after=None
[2026-09-04T20:30:45.330+0000] {processor.py:208} INFO - Processing /opt/airflow/dags/healthcare_claims_pipeline.py took 0.045 seconds
[2026-09-04T20:31:15.583+0000] {processor.py:186} INFO - Started process (PID=1110) to work on /opt/airflow/dags/healthcare_claims_pipeline.py
[2026-09-04T20:31:15.583+0000] {processor.py:914} INFO - Processing file /opt/airflow/dags/healthcare_claims_pipeline.py for tasks to queue
[2026-09-04T20:31:15.584+0000] {logging_mixin.py:190} INFO - [2026-09-04T20:31:15.584+0000] {dagbag.py:588} INFO - Filling up the DagBag from /opt/airflow/dags/healthcare_claims_pipeline.py
[2026-09-04T20:31:15.589+0000] {processor.py:925} INFO - DAG(s) 'healthcare_analytics' retrieved from /opt/airflow/dags/healthcare_claims_pipeline.py
[2026-09-04T20:31:15.603+0000] {logging_mixin.py:190} INFO - [2026-09-04T20:31:15.603+0000] {dag.py:3239} INFO - Sync 1 DAGs
[2026-09-04T20:31:15.609+0000] {logging_mixin.py:190} INFO - [2026-09-04T20:31:15.609+0000] {dag.py:4180} INFO - Setting next_dagrun for healthcare_analytics to None, run_after=None
[2026-09-04T20:31:15.615+0000] {processor.py:208} INFO - Processing /opt/airflow/dags/healthcare_claims_pipeline.py took 0.036 seconds
[2026-09-04T20:31:45.778+0000] {processor.py:186} INFO - Started process (PID=1115) to work on /opt/airflow/dags/healthcare_claims_pipeline.py
[2026-09-04T20:31:45.778+0000] {processor.py:914} INFO - Processing file /opt/airflow/dags/healthcare_claims_pipeline.py for tasks to queue
[2026-09-04T20:31:45.779+0000] {logging_mixin.py:190} INFO - [2026-09-04T20:31:45.779+0000] {dagbag.py:588} INFO - Filling up the DagBag from /opt/airflow/dags/healthcare_claims_pipeline.py
[2026-09-04T20:31:45.782+0000] {processor.py:925} INFO - DAG(s) 'healthcare_analytics' retrieved from /opt/airflow/dags/healthcare_claims_pipeline.py
[2026-09-04T20:31:45.794+0000] {logging_mixin.py:190} INFO - [2026-09-04T20:31:45.793+0000] {dag.py:3239} INFO - Sync 1 DAGs
[2026-09-04T20:31:45.799+0000] {logging_mixin.py:190} INFO - [2026-09-04T20:31:45.799+0000] {dag.py:4180} INFO - Setting next_dagrun for healthcare_analytics to None, run_after=None
[2026-09-04T20:31:45.807+0000] {processor.py:208} INFO - Processing /opt/airflow/dags/healthcare_claims_pipeline.py took 0.032 seconds
[2026-09-04T20:32:15.977+0000] {processor.py:186} INFO - Started process (PID=1120) to work on /opt/airflow/dags/healthcare_claims_pipeline.py
[2026-09-04T20:32:15.978+0000] {processor.py:914} INFO - Processing file /opt/airflow/dags/healthcare_claims_pipeline.py for tasks to queue
[2026-09-04T20:32:15.980+0000] {logging_mixin.py:190} INFO - [2026-09-04T20:32:15.980+0000] {dagbag.py:588} INFO - Filling up the DagBag from /opt/airflow/dags/healthcare_claims_pipeline.py
[2026-09-04T20:32:15.991+0000] {processor.py:925} INFO - DAG(s) 'healthcare_analytics' retrieved from /opt/airflow/dags/healthcare_claims_pipeline.py
[2026-09-04T20:32:16.012+0000] {logging_mixin.py:190} INFO - [2026-09-04T20:32:16.012+0000] {dag.py:3239} INFO - Sync 1 DAGs
[2026-09-04T20:32:16.022+0000] {logging_mixin.py:190} INFO - [2026-09-04T20:32:16.022+0000] {dag.py:4180} INFO - Setting next_dagrun for healthcare_analytics to None, run_after=None
[2026-09-04T20:32:16.030+0000] {processor.py:208} INFO - Processing /opt/airflow/dags/healthcare_claims_pipeline.py took 0.059 seconds
[2026-09-04T20:32:46.241+0000] {processor.py:186} INFO - Started process (PID=1125) to work on /opt/airflow/dags/healthcare_claims_pipeline.py
[2026-09-04T20:32:46.242+0000] {processor.py:914} INFO - Processing file /opt/airflow/dags/healthcare_claims_pipeline.py for tasks to queue
[2026-09-04T20:32:46.244+0000] {logging_mixin.py:190} INFO - [2026-09-04T20:32:46.243+0000] {dagbag.py:588} INFO - Filling up the DagBag from /opt/airflow/dags/healthcare_claims_pipeline.py
[2026-09-04T20:32:46.250+0000] {processor.py:925} INFO - DAG(s) 'healthcare_analytics' retrieved from /opt/airflow/dags/healthcare_claims_pipeline.py
[2026-09-04T20:32:46.266+0000] {logging_mixin.py:190} INFO - [2026-09-04T20:32:46.266+0000] {dag.py:3239} INFO - Sync 1 DAGs
[2026-09-04T20:32:46.272+0000] {logging_mixin.py:190} INFO - [2026-09-04T20:32:46.272+0000] {dag.py:4180} INFO - Setting next_dagrun for healthcare_analytics to None, run_after=None
[2026-09-04T20:32:46.279+0000] {processor.py:208} INFO - Processing /opt/airflow/dags/healthcare_claims_pipeline.py took 0.043 seconds
